koi_id,npl,lcq_count,scq_count,total_count,runtime_score,bad_download
K00001,1,0,15,15,16170,0
K00002,1,0,18,18,21750,0
K00003,1,1,14,15,7634,0
K00004,1,11,4,15,3021,0
K00005,1,2,16,18,8943,0
K00007,1,5,10,15,8418,0
K00010,1,7,11,18,8499,0
K00012,1,1,17,18,2526,0
K00013,1,5,13,18,19903,0
K00017,1,7,8,15,6784,0
K00018,1,7,11,18,8425,0
K00020,1,6,9,15,5520,0
K00022,1,6,12,18,4107,0
K00041,3,3,15,18,10091,0
K00042,1,2,16,18,2383,0
K00046,2,13,4,17,5343,0
K00049,1,13,4,17,1416,0
K00063,1,2,16,18,4525,0
K00064,1,4,14,18,19315,0
K00069,1,2,16,18,9050,0
K00070,5,2,15,17,23663,0
K00072,2,2,13,15,42362,0
K00075,1,2,16,18,401,0
K00076,1,11,7,18,245,0
K00080,1,13,5,18,1557,0
K00082,5,2,16,18,22493,0
K00084,1,4,14,18,4051,0
K00085,3,3,15,18,30476,0
K00087,1,3,15,18,125,0
K00089,2,8,10,18,427,0
K00092,1,6,12,18,488,0
K00094,4,1,8,9,9050,0
K00097,1,12,6,18,3488,0
K00098,1,7,11,18,4399,0
K00100,1,6,12,18,3253,0
K00102,2,5,12,17,26645,0
K00103,1,3,15,18,2692,0
K00104,1,8,10,18,10899,0
K00105,1,6,12,18,3619,0
K00107,1,12,6,18,2346,0
K00108,2,7,11,18,2022,0
K00110,1,13,5,18,1448,0
K00111,3,3,15,18,5964,0
K00112,2,13,5,18,4183,0
K00115,3,6,12,18,20008,0
K00116,4,3,15,18,12029,0
K00117,4,4,11,15,21108,0
K00118,1,12,6,18,682,0
K00119,2,12,5,17,352,0
K00122,1,3,15,18,3473,0
K00123,2,5,13,18,7044,0
K00124,2,9,9,18,2728,0
K00125,1,11,6,17,438,0
K00126,1,4,14,18,43059,0
K00127,1,12,5,17,4021,0
K00128,1,12,5,17,2906,0
K00129,2,15,3,18,437,0
K00131,1,14,3,17,1841,0
K00134,1,12,5,17,209,0
K00135,1,6,11,17,9862,0
K00137,3,3,15,18,19428,0
K00139,2,7,11,18,9080,0
K00141,1,8,9,17,9402,0
K00142,1,4,14,18,3439,0
K00144,1,5,9,14,5833,0
K00148,3,4,14,18,12625,0
K00149,1,11,6,17,1157,0
K00150,2,8,9,17,3777,0
K00151,1,12,5,17,1067,0
K00152,4,2,15,17,5689,0
K00153,2,5,13,18,11301,0
K00155,1,13,5,18,2553,0
K00156,3,3,14,17,15078,0
K00157,6,2,15,17,11140,0
K00159,2,13,5,18,7624,0
K00161,1,5,12,17,10434,0
K00162,1,12,5,17,1019,0
K00163,1,12,5,17,1286,0
K00165,1,12,5,17,1086,0
K00166,1,13,5,18,1159,0
K00167,1,13,5,18,2943,0
K00168,3,3,15,18,12004,0
K00171,2,12,5,17,3506,0
K00172,2,11,6,17,1303,0
K00173,1,12,5,17,1429,0
K00174,1,5,9,14,432,0
K00176,1,13,5,18,470,0
K00177,1,13,5,18,679,0
K00179,2,10,4,14,575,0
K00180,1,13,5,18,1439,0
K00183,1,11,6,17,6314,0
K00185,1,12,2,14,272,0
K00186,1,12,5,17,4431,0
K00188,1,13,4,17,3105,0
K00189,1,10,4,14,371,0
K00191,4,5,9,14,46808,0
K00192,1,13,4,17,1142,0
K00194,1,9,8,17,7089,0
K00195,1,12,5,17,4469,0
K00196,1,13,4,17,6368,0
K00197,1,13,4,17,680,0
K00199,1,13,4,17,3614,0
K00200,1,13,4,17,1603,0
K00201,1,13,4,17,2793,0
K00202,1,13,4,17,6869,0
K00203,1,3,11,14,19908,0
K00204,1,13,4,17,3637,0
K00205,1,13,4,17,1001,0
K00206,1,13,4,17,2214,0
K00208,1,11,3,14,2986,0
K00209,2,3,14,17,2712,0
K00210,1,13,4,17,563,0
K00211,1,12,5,17,114,0
K00212,1,7,2,9,1042,0
K00214,1,7,7,14,5812,0
K00216,2,17,0,17,274,0
K00217,1,11,6,17,4336,0
K00219,1,17,0,17,188,0
K00220,2,17,0,17,989,0
K00221,2,16,1,17,1888,0
K00222,2,12,5,17,3402,0
K00223,2,12,5,17,4869,0
K00226,1,15,2,17,798,0
K00227,1,5,8,13,1225,0
K00229,1,15,2,17,1861,0
K00232,5,5,12,17,11100,0
K00234,1,15,2,17,692,0
K00235,1,15,2,17,1182,0
K00237,1,15,2,17,780,0
K00238,3,13,4,17,1150,0
K00239,2,14,3,17,4184,0
K00240,1,15,2,17,1552,0
K00241,3,12,2,14,2540,0
K00244,2,4,14,18,8974,0
K00245,4,5,13,18,5815,0
K00246,2,4,14,18,10882,0
K00247,1,9,5,14,1022,0
K00248,4,5,12,17,21771,0
K00249,1,10,7,17,2044,0
K00250,4,5,12,17,14342,0
K00251,2,6,8,14,9014,0
K00252,1,6,11,17,1680,0
K00253,2,5,9,14,4989,0
K00254,1,6,11,17,12155,0
K00255,2,6,11,17,3261,0
K00257,1,4,10,14,3908,0
K00260,3,5,13,18,5266,0
K00261,1,6,12,18,1992,0
K00262,2,6,12,18,7604,0
K00265,1,13,5,18,4056,0
K00266,2,16,2,18,405,0
K00268,1,14,4,18,104,0
K00269,1,5,13,18,1931,0
K00270,2,13,4,17,1283,0
K00271,3,8,10,18,3353,0
K00272,1,15,0,15,1040,0
K00273,1,7,11,18,2827,0
K00274,2,5,13,18,3862,0
K00275,2,12,3,15,680,0
K00276,1,6,12,18,772,0
K00277,2,6,12,18,4331,0
K00279,3,5,13,18,8141,0
K00280,1,4,14,18,3156,0
K00281,1,6,12,18,1647,0
K00282,3,10,8,18,3680,0
K00283,3,5,13,18,7219,0
K00284,4,7,7,14,7347,0
K00285,3,14,4,18,1540,0
K00288,1,7,11,18,2901,0
K00289,2,16,2,18,274,0
K00291,2,13,2,15,1002,0
K00292,1,7,8,15,8480,0
K00294,1,13,2,15,184,0
K00295,2,12,3,15,2590,0
K00296,1,13,2,15,223,0
K00297,1,8,7,15,3415,0
K00298,2,15,3,18,624,0
K00299,1,6,12,18,21085,0
K00301,2,16,2,18,1709,0
K00302,1,6,9,15,975,0
K00303,1,15,3,18,151,0
K00304,2,7,11,18,8911,0
K00305,1,5,12,17,7042,0
K00306,1,9,9,18,1007,0
K00307,2,15,3,18,2263,0
K00308,1,6,12,18,894,0
K00312,2,13,5,18,2128,0
K00313,2,11,7,18,3364,0
K00314,3,6,12,18,6913,0
K00315,1,9,9,18,682,0
K00316,3,9,8,17,4540,0
K00317,2,6,11,17,3933,0
K00318,1,6,12,18,833,0
K00319,1,13,5,18,307,0
K00321,2,6,12,18,20435,0
K00323,1,10,8,18,3805,0
K00327,2,16,2,18,2144,0
K00330,2,15,2,17,4358,0
K00331,2,14,1,15,577,0
K00332,2,14,1,15,1284,0
K00333,1,16,2,18,506,0
K00337,2,13,1,14,214,0
K00338,2,13,2,15,3012,0
K00339,3,12,2,14,3898,0
K00341,2,8,7,15,6801,0
K00343,3,11,7,18,14291,0
K00344,1,16,2,18,168,0
K00345,1,12,3,15,299,0
K00346,1,14,1,15,302,0
K00348,1,15,2,17,233,0
K00349,1,15,0,15,92,0
K00350,1,13,2,15,496,0
K00351,7,7,7,14,5719,0
K00352,2,16,1,17,403,0
K00353,3,16,1,17,522,0
K00354,2,9,8,17,4364,0
K00355,1,16,1,17,833,0
K00356,1,16,1,17,2237,0
K00361,1,16,1,17,1258,0
K00365,2,10,8,18,444,0
K00366,1,12,6,18,224,0
K00367,1,9,5,14,442,0
K00369,2,17,1,18,1120,0
K00370,2,7,11,18,1984,0
K00372,1,12,6,18,128,0
K00373,1,16,1,17,29,0
K00374,1,7,11,18,168,0
K00375,1,17,1,18,2,0
K00377,3,6,11,17,21029,0
K00379,1,16,2,18,291,0
K00384,1,13,2,15,1275,0
K00385,1,17,1,18,315,0
K00386,2,11,3,14,396,0
K00387,1,17,1,18,300,0
K00388,1,16,1,17,662,0
K00392,2,15,2,17,723,0
K00393,1,13,1,14,178,0
K00396,1,17,0,17,103,0
K00398,3,8,9,17,20653,0
K00401,3,15,2,17,383,0
K00408,4,9,8,17,11908,0
K00409,1,17,0,17,114,0
K00412,1,13,0,13,278,0
K00413,2,15,2,17,705,0
K00415,1,17,0,17,9,0
K00416,4,14,3,17,1841,0
K00417,1,16,1,17,211,0
K00420,1,17,0,17,251,0
K00421,1,17,0,17,339,0
K00422,1,17,0,17,1,0
K00423,2,11,3,14,447,0
K00426,1,17,0,17,92,0
K00427,3,15,2,17,476,0
K00428,1,14,0,14,181,0
K00429,1,14,0,14,144,0
K00430,2,13,1,14,715,0
K00431,2,16,1,17,303,0
K00432,1,17,0,17,287,0
K00433,2,10,4,14,2887,0
K00435,6,12,5,17,6470,0
K00436,1,14,0,14,6,0
K00437,1,17,0,17,95,0
K00438,2,16,1,17,763,0
K00439,1,17,0,17,794,0
K00440,2,15,2,17,1751,0
K00442,3,17,0,17,1198,0
K00443,1,17,0,17,93,0
K00444,1,17,0,17,128,0
K00446,2,6,7,13,1811,0
K00448,2,7,10,17,3304,0
K00452,1,17,0,17,407,0
K00454,1,13,0,13,39,0
K00456,2,10,7,17,5952,0
K00457,2,15,2,17,2294,0
K00458,1,17,0,17,28,0
K00459,2,17,0,17,295,0
K00460,2,17,0,17,126,0
K00463,1,15,2,17,357,0
K00464,2,7,10,17,5544,0
K00466,1,17,0,17,160,0
K00467,1,17,0,17,83,0
K00468,1,17,0,17,68,0
K00469,1,15,2,17,644,0
K00470,1,14,0,14,331,0
K00471,2,17,0,17,263,0
K00472,1,17,0,17,356,0
K00473,1,11,3,14,699,0
K00474,4,16,1,17,1366,0
K00475,2,14,3,17,1725,0
K00476,1,17,0,17,82,0
K00477,1,14,0,14,75,0
K00478,1,14,0,14,112,0
K00479,1,17,0,17,44,0
K00480,1,17,0,17,351,0
K00481,3,11,6,17,13628,0
K00483,1,14,0,14,259,0
K00484,1,17,0,17,87,0
K00486,1,17,0,17,68,0
K00487,1,17,0,17,197,0
K00488,1,17,0,17,161,0
K00490,4,8,9,17,10089,0
K00492,2,14,0,14,45,0
K00494,1,14,0,14,48,0
K00496,1,15,2,17,4120,0
K00497,2,14,0,14,375,0
K00499,1,14,0,14,128,0
K00500,5,5,9,14,43980,0
K00501,1,17,0,17,60,0
K00503,1,13,0,13,140,0
K00504,1,14,0,14,30,0
K00505,5,11,2,13,4232,0
K00507,1,17,0,17,81,0
K00508,2,6,7,13,3555,0
K00509,3,14,3,17,3248,0
K00510,4,11,2,13,3735,0
K00511,2,17,0,17,542,0
K00512,1,17,0,17,232,0
K00513,1,17,0,17,42,0
K00517,1,17,0,17,549,0
K00518,3,12,5,17,1410,0
K00519,2,17,0,17,170,0
K00520,4,9,8,17,7074,0
K00521,2,17,0,17,287,0
K00522,1,15,2,17,516,0
K00523,2,11,6,17,786,0
K00524,1,8,9,17,5380,0
K00525,1,15,2,17,577,0
K00526,1,17,0,17,717,0
K00528,3,13,4,17,1916,0
K00530,1,17,0,17,138,0
K00531,1,15,2,17,1804,0
K00532,1,17,0,17,357,0
K00533,2,17,0,17,519,0
K00534,2,13,1,14,1990,0
K00535,1,14,0,14,212,0
K00536,1,14,0,14,15,0
K00537,1,14,0,14,441,0
K00538,1,17,0,17,71,0
K00541,1,17,0,17,110,0
K00542,2,17,0,17,145,0
K00543,2,15,2,17,3670,0
K00546,2,16,1,17,611,0
K00547,3,17,0,17,386,0
K00548,2,17,0,17,318,0
K00550,1,14,0,14,95,0
K00551,2,13,1,14,995,0
K00554,1,17,0,17,413,0
K00555,2,11,6,17,4775,0
K00557,1,13,0,13,73,0
K00558,1,17,0,17,164,0
K00560,1,13,0,13,48,0
K00561,1,17,0,17,280,0
K00563,1,16,1,17,265,0
K00564,3,15,2,17,1433,0
K00566,3,11,0,11,129,0
K00567,3,7,10,17,4821,0
K00568,2,12,5,17,10348,0
K00569,2,17,0,17,997,0
K00571,5,8,9,17,12853,0
K00572,2,17,0,17,447,0
K00573,2,17,0,17,983,0
K00574,2,16,1,17,595,0
K00575,1,17,0,17,62,0
K00577,2,8,0,8,1131,0
K00578,1,17,0,17,235,0
K00579,2,17,0,17,1149,0
K00580,1,17,0,17,231,0
K00581,2,17,0,17,224,0
K00582,3,17,0,17,491,0
K00583,1,17,0,17,620,0
K00584,3,13,4,17,3567,0
K00585,1,17,0,17,405,0
K00586,1,17,0,17,95,0
K00587,1,14,0,14,88,0
K00588,1,17,0,17,145,0
K00590,2,14,0,14,133,0
K00592,1,17,0,17,38,0
K00593,4,17,0,17,202,0
K00596,1,12,5,17,8557,0
K00597,3,17,0,17,837,0
K00598,2,17,0,17,225,0
K00599,1,14,0,14,192,0
K00600,2,14,0,14,350,0
K00601,3,15,2,17,7314,0
K00602,1,17,0,17,117,0
K00605,2,17,0,17,872,0
K00607,1,9,0,9,135,0
K00610,1,13,0,13,80,0
K00611,1,12,5,17,4421,0
K00612,3,9,4,13,873,0
K00614,1,17,0,17,117,0
K00618,1,14,0,14,137,0
K00620,3,11,6,17,685,0
K00621,1,17,0,17,85,0
K00622,1,17,0,17,9,0
K00623,4,6,11,17,11265,0
K00624,3,15,2,17,5580,0
K00626,2,14,1,15,753,0
K00627,2,16,1,17,1504,0
K00628,1,16,1,17,281,0
K00629,1,16,1,17,100,0
K00631,1,17,1,18,268,0
K00632,1,17,1,18,577,0
K00633,1,13,1,14,21,0
K00635,1,13,1,14,227,0
K00638,2,12,2,14,359,0
K00639,1,17,1,18,229,0
K00640,1,17,1,18,133,0
K00641,1,16,1,17,273,0
K00645,2,12,2,14,1018,0
K00647,2,17,1,18,1321,0
K00648,1,14,0,14,118,0
K00649,2,17,1,18,584,0
K00650,1,17,1,18,347,0
K00652,1,15,2,17,410,0
K00654,2,11,2,13,1349,0
K00655,2,16,2,18,303,0
K00657,2,8,5,13,4290,0
K00658,3,15,2,17,3930,0
K00659,1,16,1,17,175,0
K00660,1,12,2,14,1049,0
K00661,2,12,1,13,403,0
K00662,1,17,1,18,407,0
K00663,2,7,7,14,7936,0
K00664,3,17,1,18,1028,0
K00665,3,15,3,18,10406,0
K00666,1,16,1,17,181,0
K00670,1,16,1,17,430,0
K00671,4,11,6,17,8830,0
K00672,2,12,5,17,1229,0
K00673,1,17,1,18,945,0
K00674,1,3,5,8,822,0
K00676,2,6,11,17,15890,0
K00678,2,16,2,18,2744,0
K00679,2,14,3,17,850,0
K00680,1,14,3,17,1070,0
K00682,1,17,0,17,2,0
K00683,1,16,1,17,13,0
K00684,1,6,11,17,7392,0
K00685,1,16,1,17,1288,0
K00686,1,16,1,17,75,0
K00687,1,17,0,17,361,0
K00688,1,16,1,17,1247,0
K00689,1,7,1,8,203,0
K00691,2,16,1,17,386,0
K00692,2,12,5,17,8824,0
K00693,2,15,2,17,652,0
K00694,1,16,1,17,232,0
K00695,1,17,1,18,138,0
K00697,1,3,5,8,4475,0
K00700,4,9,9,18,5471,0
K00701,5,8,9,17,7931,0
K00704,1,16,1,17,221,0
K00707,5,6,11,17,10514,0
K00708,2,15,2,17,1244,0
K00709,1,16,1,17,189,0
K00710,3,16,2,18,3774,0
K00711,3,9,8,17,6766,0
K00714,1,16,1,17,976,0
K00716,1,13,1,14,141,0
K00717,2,17,1,18,4921,0
K00718,3,12,5,17,4059,0
K00719,4,12,5,17,5860,0
K00720,4,8,6,14,11454,0
K00721,1,13,1,14,276,0
K00722,1,14,1,15,82,0
K00723,3,13,4,17,4576,0
K00728,1,14,0,14,173,0
K00730,4,6,7,13,6795,0
K00732,3,17,0,17,1944,0
K00733,4,13,4,17,7440,0
K00734,2,16,1,17,221,0
K00735,1,13,0,13,51,0
K00736,2,17,0,17,304,0
K00738,2,8,6,14,2860,0
K00739,1,11,6,17,13190,0
K00740,1,17,0,17,85,0
K00746,1,17,0,17,162,0
K00747,1,15,2,17,1102,0
K00749,3,11,6,17,9561,0
K00750,3,17,0,17,472,0
K00751,1,13,0,13,231,0
K00752,2,17,0,17,186,0
K00753,1,14,0,14,62,0
K00755,1,14,2,16,2603,0
K00756,3,9,4,13,8265,0
K00757,3,11,3,14,2207,0
K00758,1,13,0,13,72,0
K00759,2,12,2,14,262,0
K00760,1,16,1,17,822,0
K00762,1,14,0,14,276,0
K00764,1,17,0,17,36,0
K00765,1,14,0,14,148,0
K00766,1,16,0,16,344,0
K00767,1,11,6,17,6022,0
K00769,1,17,0,17,352,0
K00773,1,17,0,17,39,0
K00775,3,8,6,14,3571,0
K00776,1,17,0,17,405,0
K00777,1,17,0,17,37,0
K00778,1,10,4,14,5144,0
K00780,2,16,1,17,2310,0
K00781,1,17,0,17,130,0
K00782,1,17,0,17,229,0
K00783,1,17,0,17,207,0
K00784,2,12,5,17,2172,0
K00785,1,17,0,17,121,0
K00786,1,17,0,17,409,0
K00787,3,16,1,17,8215,0
K00788,1,17,0,17,57,0
K00790,2,17,0,17,203,0
K00791,1,17,0,17,119,0
K00794,1,17,0,17,595,0
K00795,1,17,0,17,223,0
K00797,1,16,0,16,139,0
K00800,2,15,2,17,3379,0
K00801,1,14,0,14,765,0
K00802,1,10,4,14,584,0
K00804,1,17,0,17,167,0
K00806,3,6,11,17,1699,0
K00809,1,15,0,15,836,0
K00810,1,17,0,17,315,0
K00811,1,17,0,17,73,0
K00812,4,9,8,17,11014,0
K00813,1,14,0,14,319,0
K00814,1,14,0,14,55,0
K00815,1,17,0,17,43,0
K00816,1,13,0,13,149,0
K00817,2,8,5,13,2272,0
K00818,1,17,0,17,186,0
K00820,1,13,1,14,823,0
K00821,1,12,0,12,48,0
K00823,1,10,4,14,11235,0
K00824,1,6,3,9,554,0
K00825,2,13,0,13,387,0
K00826,1,17,0,17,237,0
K00829,3,11,6,17,3078,0
K00830,1,17,0,17,428,0
K00834,5,10,7,17,15179,0
K00835,2,12,2,14,653,0
K00837,2,17,0,17,553,0
K00840,1,17,0,17,497,0
K00841,5,6,11,17,7589,0
K00842,2,17,0,17,159,0
K00843,1,17,0,17,360,0
K00844,1,13,0,13,311,0
K00845,1,17,0,17,92,0
K00846,1,17,0,17,54,0
K00847,1,17,0,17,18,0
K00849,1,17,0,17,145,0
K00850,1,17,0,17,143,0
K00851,1,17,0,17,329,0
K00852,1,13,0,13,307,0
K00853,2,17,0,17,288,0
K00854,1,10,7,17,336,0
K00855,1,17,0,17,36,0
K00856,1,17,0,17,38,0
K00857,2,13,0,13,259,0
K00858,1,17,0,17,111,0
K00861,1,17,0,17,675,0
K00863,1,17,0,17,477,0
K00864,3,10,6,16,6460,0
K00865,1,17,0,17,12,0
K00867,1,17,0,17,93,0
K00868,1,13,4,17,46,0
K00869,4,6,11,17,15752,0
K00870,2,8,9,17,6917,0
K00871,1,11,6,17,1303,0
K00872,2,7,10,17,4821,0
K00873,1,17,0,17,347,0
K00874,2,17,0,17,463,0
K00875,1,17,0,17,358,0
K00877,3,9,8,17,6591,0
K00878,1,17,0,17,64,0
K00880,4,6,11,17,19290,0
K00881,2,12,5,17,733,0
K00883,1,11,6,17,6303,0
K00884,3,6,11,17,13538,0
K00886,3,11,6,17,4314,0
K00887,1,17,0,17,203,0
K00889,1,11,6,17,1910,0
K00890,1,17,0,17,186,0
K00891,1,17,0,17,151,0
K00892,2,17,0,17,525,0
K00893,1,15,0,15,302,0
K00896,3,10,7,17,4969,0
K00897,1,17,0,17,736,0
K00898,3,9,8,17,7631,0
K00899,3,9,8,17,11234,0
K00900,1,16,0,16,102,0
K00901,1,17,0,17,118,0
K00902,1,9,8,17,263,0
K00903,1,17,0,17,301,0
K00904,5,6,11,17,24646,0
K00906,3,17,0,17,660,0
K00907,4,9,7,16,6063,0
K00908,1,17,0,17,320,0
K00910,1,17,0,17,280,0
K00911,2,17,0,17,383,0
K00912,2,16,1,17,987,0
K00913,1,17,0,17,370,0
K00914,1,17,0,17,388,0
K00916,1,17,0,17,455,0
K00918,1,10,7,17,491,0
K00920,1,17,0,17,69,0
K00921,3,12,5,17,5984,0
K00922,1,17,0,17,293,0
K00923,1,17,0,17,263,0
K00924,1,17,0,17,38,0
K00926,1,16,0,16,449,0
K00928,1,17,0,17,605,0
K00929,2,15,0,15,672,0
K00931,1,17,0,17,391,0
K00934,3,12,5,17,4383,0
K00935,4,8,9,17,4595,0
K00936,2,14,3,17,11323,0
K00937,1,17,0,17,72,0
K00938,3,17,0,17,1860,0
K00939,4,15,2,17,7839,0
K00940,1,14,0,14,203,0
K00941,3,11,3,14,5490,0
K00942,1,17,0,17,131,0
K00943,1,17,0,17,419,0
K00945,3,13,1,14,294,0
K00947,1,11,6,17,584,0
K00948,1,17,0,17,61,0
K00949,1,17,0,17,120,0
K00950,1,17,0,17,48,0
K00951,2,16,1,17,427,0
K00952,5,6,8,14,44086,0
K00953,1,16,0,16,396,0
K00954,2,15,2,17,997,0
K00955,1,17,0,17,214,0
K00956,1,17,0,17,180,0
K00958,1,17,1,18,190,0
K00961,3,8,9,17,88093,0
K00970,1,15,2,17,1667,0
K00971,1,11,3,14,16838,0
K00972,2,15,3,18,1895,0
K00974,1,6,12,18,589,0
K00975,1,4,14,18,13520,0
K00984,1,9,9,18,5781,0
K00986,2,14,3,17,1241,0
K00987,1,15,3,18,2934,0
K00988,2,10,7,17,2665,0
K00989,1,13,1,14,236,0
K00991,1,9,6,15,1386,0
K00992,2,17,0,17,482,0
K00993,3,16,1,17,543,0
K00994,1,17,0,17,351,0
K00999,2,17,0,17,122,0
K01001,2,10,8,18,694,0
K01002,1,16,1,17,1174,0
K01005,1,16,0,16,39,0
K01007,1,14,0,14,167,0
K01014,1,17,0,17,87,0
K01015,3,9,0,9,326,0
K01017,1,17,0,17,86,0
K01022,1,16,0,16,75,0
K01024,1,17,0,17,262,0
K01029,1,17,0,17,46,0
K01030,1,17,0,17,163,0
K01031,1,17,0,17,103,0
K01032,1,8,9,17,16,0
K01050,2,14,3,17,10516,0
K01051,1,17,0,17,222,0
K01052,4,16,1,17,987,0
K01053,2,17,0,17,1265,0
K01059,1,14,3,17,9035,0
K01060,4,13,4,17,5460,0
K01061,1,17,0,17,36,0
K01066,1,14,0,14,217,0
K01069,2,14,0,14,646,0
K01070,3,8,6,14,2846,0
K01072,1,17,0,17,149,0
K01074,1,9,5,14,3747,0
K01078,3,9,5,14,6746,0
K01081,1,12,5,17,1438,0
K01082,4,17,0,17,2018,0
K01083,2,14,0,14,440,0
K01085,1,17,0,17,195,0
K01086,1,17,0,17,54,0
K01089,2,8,6,14,1544,0
K01094,1,17,0,17,247,0
K01095,1,16,0,16,27,0
K01096,1,17,0,17,1,0
K01099,1,16,1,17,24,0
K01101,2,14,0,14,218,0
K01102,4,11,6,17,8336,0
K01103,1,14,0,14,13,0
K01106,3,17,0,17,411,0
K01108,3,17,0,17,1466,0
K01110,2,17,0,17,578,0
K01112,1,17,0,17,39,0
K01113,2,16,1,17,205,0
K01115,1,16,1,17,313,0
K01116,1,16,1,17,1090,0
K01117,1,16,2,18,607,0
K01118,1,16,1,17,552,0
K01127,3,11,3,14,5944,0
K01128,1,17,1,18,4284,0
K01129,1,14,3,17,1884,0
K01141,1,17,0,17,263,0
K01142,1,17,0,17,402,0
K01145,1,12,5,17,466,0
K01146,1,17,0,17,212,0
K01148,2,16,1,17,514,0
K01150,1,17,1,18,6167,0
K01151,5,17,1,18,2182,0
K01154,1,14,1,15,572,0
K01159,1,14,0,14,19,0
K01160,1,17,0,17,114,0
K01161,3,13,1,14,2260,0
K01162,1,16,1,17,24,0
K01163,2,17,0,17,702,0
K01165,2,16,1,17,1531,0
K01166,1,14,0,14,162,0
K01168,1,17,0,17,1,0
K01169,1,17,1,18,6060,0
K01170,1,12,2,14,869,0
K01175,2,13,2,15,579,0
K01176,1,16,0,16,720,0
K01191,1,11,0,11,119,0
K01192,1,16,1,17,2,0
K01193,1,17,0,17,12,0
K01194,3,10,1,11,1494,0
K01196,2,17,0,17,174,0
K01198,4,11,6,17,19987,0
K01199,1,9,5,14,261,0
K01201,1,14,3,17,3346,0
K01202,1,14,3,17,9953,0
K01203,3,8,6,14,2041,0
K01204,1,17,0,17,179,0
K01205,1,14,0,14,144,0
K01206,1,14,0,14,2,0
K01207,1,17,0,17,110,0
K01208,1,14,0,14,1,0
K01209,1,17,0,17,5,0
K01210,1,14,0,14,85,0
K01212,1,17,0,17,133,0
K01214,1,14,0,14,293,0
K01215,2,14,4,18,1042,0
K01216,1,17,1,18,373,0
K01218,1,17,1,18,140,0
K01220,1,16,2,18,1051,0
K01221,2,8,9,17,1291,0
K01225,1,17,0,17,881,0
K01236,4,10,7,17,2665,0
K01238,1,17,0,17,55,0
K01239,2,13,1,14,6081,0
K01240,2,17,0,17,1020,0
K01241,2,12,6,18,2410,0
K01242,1,16,1,17,40,0
K01245,1,17,0,17,110,0
K01246,1,17,0,17,79,0
K01250,1,17,0,17,1245,0
K01251,1,17,0,17,2623,0
K01255,1,14,0,14,15,0
K01257,1,17,0,17,17,0
K01258,3,15,2,17,679,0
K01261,2,16,1,17,297,0
K01264,1,17,0,17,106,0
K01266,1,17,0,17,132,0
K01268,1,17,0,17,5,0
K01270,2,9,8,17,5756,0
K01271,1,15,2,17,39,0
K01273,1,17,0,17,37,0
K01274,1,18,0,18,2,0
K01275,1,16,1,17,81,0
K01276,2,18,0,18,190,0
K01278,4,16,1,17,993,0
K01279,2,14,3,17,1596,0
K01281,1,17,0,17,30,0
K01282,1,13,5,18,461,0
K01283,1,16,2,18,831,0
K01288,1,17,0,17,12,0
K01298,2,17,0,17,153,0
K01299,1,10,8,18,416,0
K01300,1,14,3,17,14639,0
K01301,2,14,1,15,407,0
K01302,1,17,0,17,27,0
K01303,1,17,0,17,44,0
K01304,1,14,0,14,270,0
K01305,2,17,0,17,817,0
K01306,4,11,6,17,17774,0
K01307,2,17,0,17,107,0
K01308,1,13,1,14,159,0
K01309,1,16,1,17,403,0
K01310,2,14,0,14,73,0
K01311,1,17,1,18,49,0
K01312,1,14,0,14,202,0
K01314,1,8,7,15,2252,0
K01315,1,16,1,17,595,0
K01316,2,16,2,18,1427,0
K01319,1,11,0,11,6,0
K01320,1,11,0,11,93,0
K01323,1,11,0,11,245,0
K01325,1,14,0,14,124,0
K01328,1,14,0,14,15,0
K01329,1,14,0,14,37,0
K01331,1,11,0,11,143,0
K01332,3,14,0,14,289,0
K01335,1,16,1,17,29,0
K01336,4,13,1,14,1566,0
K01337,1,17,0,17,785,0
K01338,3,16,1,17,1553,0
K01339,1,17,0,17,362,0
K01341,1,17,0,17,334,0
K01342,2,14,0,14,481,0
K01344,1,17,1,18,929,0
K01353,3,10,7,17,763,0
K01355,1,16,1,17,78,0
K01357,1,14,0,14,412,0
K01358,4,13,4,17,11711,0
K01359,2,13,1,14,135,0
K01360,3,17,0,17,2121,0
K01361,1,12,5,17,238,0
K01362,1,14,0,14,60,0
K01363,2,15,2,17,3048,0
K01364,5,9,6,15,15573,0
K01366,2,17,0,17,105,0
K01367,1,14,3,17,16279,0
K01369,1,17,0,17,501,0
K01370,1,17,0,17,219,0
K01375,1,16,1,17,10,0
K01377,1,17,0,17,133,0
K01379,1,16,1,17,725,0
K01393,1,14,0,14,734,0
K01395,1,16,0,16,228,0
K01396,2,16,0,16,598,0
K01397,1,18,0,18,256,0
K01398,1,14,0,14,213,0
K01399,1,14,0,14,142,0
K01402,1,17,0,17,211,0
K01403,1,17,0,17,80,0
K01404,2,17,0,17,192,0
K01405,1,16,0,16,124,0
K01406,1,17,0,17,133,0
K01408,1,14,3,17,630,0
K01409,1,17,0,17,91,0
K01410,1,17,0,17,95,0
K01411,1,18,0,18,5,0
K01412,1,17,1,18,109,0
K01413,3,17,0,17,233,0
K01416,1,14,3,17,3701,0
K01420,1,14,0,14,93,0
K01422,5,13,1,14,1363,0
K01423,1,14,0,14,10,0
K01424,1,17,0,17,1239,0
K01425,1,17,0,17,735,0
K01426,3,10,7,17,879,0
K01427,2,14,0,14,730,0
K01428,1,14,3,17,9959,0
K01429,1,17,0,17,7,0
K01430,3,16,1,17,616,0
K01431,1,15,0,15,3,0
K01432,4,17,0,17,874,0
K01433,1,14,0,14,62,0
K01434,1,14,0,14,531,0
K01435,2,17,0,17,181,0
K01436,3,14,0,14,815,0
K01437,1,14,0,14,177,0
K01438,1,17,0,17,218,0
K01439,1,17,1,18,10,0
K01440,1,17,0,17,210,0
K01441,1,17,0,17,177,0
K01442,1,9,6,15,25099,0
K01444,1,13,1,14,82,0
K01445,3,11,4,15,2401,0
K01450,1,18,0,18,746,0
K01455,1,11,0,11,64,0
K01456,1,9,5,14,1783,0
K01457,1,14,0,14,155,0
K01458,1,14,0,14,138,0
K01465,1,14,0,14,127,0
K01466,1,16,1,17,13,0
K01470,1,11,0,11,63,0
K01472,1,16,1,17,46,0
K01473,1,14,0,14,54,0
K01474,1,9,9,18,341,0
K01475,3,15,0,15,1249,0
K01476,1,16,0,16,25,0
K01477,1,14,3,17,48,0
K01478,1,14,3,17,116,0
K01480,2,17,0,17,289,0
K01481,1,14,0,14,243,0
K01486,2,14,3,17,373,0
K01488,1,17,0,17,382,0
K01489,1,17,0,17,94,0
K01491,1,11,0,11,310,0
K01494,1,9,0,9,97,0
K01495,1,17,0,17,96,0
K01498,2,17,0,17,883,0
K01499,3,17,0,17,2146,0
K01501,1,17,0,17,577,0
K01503,1,17,0,17,10,0
K01505,1,17,0,17,300,0
K01506,1,17,0,17,37,0
K01507,1,17,0,17,70,0
K01508,1,17,0,17,68,0
K01510,1,13,3,16,10898,0
K01511,1,17,0,17,585,0
K01515,2,17,0,17,994,0
K01516,1,17,0,17,73,0
K01517,1,17,0,17,37,0
K01518,1,17,0,17,54,0
K01519,2,17,0,17,319,0
K01520,1,17,0,17,81,0
K01521,1,17,0,17,58,0
K01522,2,17,0,17,164,0
K01525,2,9,9,18,5301,0
K01526,1,17,0,17,339,0
K01527,1,17,0,17,7,0
K01528,1,17,0,17,378,0
K01529,2,12,5,17,2010,0
K01530,1,14,1,15,299,0
K01531,1,17,1,18,731,0
K01532,1,16,1,17,224,0
K01533,1,16,1,17,654,0
K01534,2,17,1,18,749,0
K01535,1,17,1,18,57,0
K01536,1,17,1,18,1114,0
K01537,1,13,5,18,1412,0
K01546,1,17,0,17,1646,0
K01547,1,10,1,11,112,0
K01549,1,17,0,17,51,0
K01552,1,14,0,14,16,0
K01553,1,17,0,17,28,0
K01557,4,9,5,14,17819,0
K01560,1,17,0,17,47,0
K01562,1,14,0,14,62,0
K01563,4,8,6,14,11253,0
K01564,1,17,0,17,28,0
K01567,4,11,3,14,3866,0
K01569,1,17,0,17,109,0
K01570,1,14,0,14,196,0
K01572,1,14,0,14,126,0
K01573,2,9,8,17,3969,0
K01574,4,14,0,14,367,0
K01576,3,11,6,17,3640,0
K01577,1,17,0,17,538,0
K01581,2,17,0,17,61,0
K01582,1,15,2,17,35,0
K01583,1,17,0,17,187,0
K01584,1,17,0,17,257,0
K01585,1,17,0,17,78,0
K01586,1,14,0,14,177,0
K01587,1,17,0,17,28,0
K01588,1,17,0,17,429,0
K01589,5,11,6,17,8257,0
K01590,3,11,2,13,4489,0
K01591,1,14,0,14,63,0
K01593,2,13,0,13,194,0
K01595,1,17,0,17,37,0
K01596,2,13,1,14,678,0
K01597,1,15,2,17,851,0
K01598,3,11,6,17,1685,0
K01599,2,13,4,17,1439,0
K01601,2,16,1,17,457,0
K01602,2,17,0,17,649,0
K01603,1,17,0,17,500,0
K01606,1,16,1,17,803,0
K01608,3,16,1,17,665,0
K01609,1,16,1,17,97,0
K01612,1,5,10,15,10980,0
K01613,3,9,5,14,1714,0
K01615,1,13,2,15,4837,0
K01616,2,7,1,8,328,0
K01618,1,13,5,18,6121,0
K01619,1,14,1,15,187,0
K01621,1,14,4,18,580,0
K01622,1,18,0,18,22,0
K01626,1,14,0,14,490,0
K01627,3,14,0,14,655,0
K01628,3,18,0,18,1025,0
K01629,1,18,0,18,362,0
K01630,1,17,0,17,133,0
K01631,1,16,1,17,6902,0
K01632,1,18,0,18,348,0
K01633,1,17,0,17,46,0
K01637,1,14,0,14,418,0
K01639,1,15,0,15,133,0
K01641,1,14,0,14,256,0
K01643,1,14,0,14,112,0
K01646,1,14,0,14,334,0
K01647,3,14,0,14,317,0
K01648,1,14,0,14,32,0
K01649,1,14,0,14,307,0
K01650,2,11,0,11,158,0
K01651,1,14,0,14,24,0
K01655,1,14,0,14,1326,0
K01656,1,14,0,14,24,0
K01658,1,14,0,14,805,0
K01659,1,17,0,17,51,0
K01660,1,17,0,17,42,0
K01665,2,12,2,14,2000,0
K01666,1,17,0,17,1561,0
K01669,1,17,0,17,24,0
K01670,1,17,0,17,142,0
K01671,1,14,0,14,840,0
K01672,1,17,0,17,44,0
K01675,1,17,0,17,103,0
K01677,2,16,1,17,557,0
K01681,4,17,0,17,1470,0
K01683,1,17,0,17,165,0
K01685,1,17,0,17,21,0
K01687,1,17,0,17,384,0
K01688,1,17,0,17,1640,0
K01692,2,7,2,9,3416,0
K01695,1,17,0,17,21,0
K01700,1,17,0,17,188,0
K01702,1,16,0,16,924,0
K01704,1,17,0,17,145,0
K01705,1,17,0,17,73,0
K01706,1,17,0,17,786,0
K01707,2,17,0,17,20,0
K01708,1,17,0,17,46,0
K01710,1,9,0,9,56,0
K01711,1,17,0,17,27,0
K01713,2,17,0,17,895,0
K01715,1,18,0,18,15,0
K01716,1,17,0,17,309,0
K01717,1,17,0,17,143,0
K01718,2,12,0,12,21,0
K01720,1,16,0,16,23,0
K01721,1,17,0,17,28,0
K01722,1,17,0,17,101,0
K01723,1,17,0,17,25,0
K01724,1,14,0,14,71,0
K01725,1,6,3,9,853,0
K01726,1,18,0,18,35,0
K01727,1,13,0,13,23,0
K01731,1,8,0,8,274,0
K01732,1,17,0,17,34,0
K01733,1,17,0,17,78,0
K01736,1,17,0,17,48,0
K01738,1,18,0,18,383,0
K01745,1,17,0,17,1538,0
K01746,1,17,0,17,128,0
K01749,1,17,0,17,56,0
K01750,2,17,0,17,789,0
K01751,2,14,0,14,202,0
K01754,1,16,0,16,93,0
K01758,1,17,0,17,269,0
K01760,2,10,4,14,3398,0
K01764,1,14,0,14,98,0
K01772,1,17,0,17,12,0
K01773,1,13,0,13,13,0
K01779,2,14,1,15,1164,0
K01781,3,10,5,15,6773,0
K01783,2,16,1,17,43,0
K01784,1,13,2,15,1294,0
K01787,1,11,0,11,9,0
K01788,2,8,0,8,10,0
K01790,1,11,2,13,43,0
K01792,2,18,0,18,193,0
K01793,1,14,0,14,381,0
K01797,1,14,0,14,74,0
K01800,1,15,0,15,171,0
K01801,1,17,0,17,103,0
K01802,1,14,3,17,1755,0
K01803,1,4,14,18,8291,0
K01804,1,17,0,17,255,0
K01805,3,11,6,17,6853,0
K01806,2,17,0,17,264,0
K01808,1,18,0,18,17,0
K01809,2,18,0,18,447,0
K01813,1,17,0,17,154,0
K01814,1,17,1,18,281,0
K01815,2,17,0,17,1348,0
K01816,1,17,0,17,147,0
K01818,1,17,0,17,89,0
K01819,1,18,0,18,132,0
K01820,2,17,1,18,3485,0
K01821,1,17,0,17,151,0
K01822,1,12,6,18,106,0
K01824,2,18,0,18,1403,0
K01825,1,14,0,14,92,0
K01826,1,18,0,18,11,0
K01828,1,17,0,17,15,0
K01830,2,17,0,17,121,0
K01831,4,12,2,14,2221,0
K01832,3,14,3,17,2991,0
K01833,3,14,0,14,714,0
K01835,3,11,6,17,13752,0
K01837,2,17,0,17,941,0
K01838,1,17,0,17,90,0
K01839,2,14,0,14,144,0
K01840,2,12,5,17,3564,0
K01841,1,18,0,18,32,0
K01842,1,17,0,17,89,0
K01843,2,9,4,13,4524,0
K01845,2,15,2,17,4694,0
K01846,1,17,0,17,14,0
K01847,1,17,0,17,56,0
K01848,1,18,0,18,32,0
K01849,1,17,0,17,186,0
K01850,1,17,0,17,130,0
K01851,1,17,0,17,338,0
K01852,1,18,0,18,101,0
K01853,1,17,0,17,25,0
K01854,1,15,0,15,30,0
K01856,1,15,2,17,141,0
K01857,1,17,0,17,17,0
K01858,2,13,4,17,226,0
K01860,4,8,6,14,10084,0
K01861,1,17,0,17,86,0
K01862,1,17,0,17,26,0
K01863,1,14,0,14,36,0
K01864,1,17,0,17,470,0
K01866,1,17,0,17,14,0
K01867,3,11,6,17,11111,0
K01868,1,17,0,17,85,0
K01870,1,17,0,17,189,0
K01871,2,15,2,17,273,0
K01872,1,17,0,17,49,0
K01873,2,13,0,13,49,0
K01874,2,15,2,17,1248,0
K01875,2,14,0,14,2436,0
K01876,1,16,1,17,48,0
K01877,1,18,0,18,79,0
K01878,1,18,0,18,39,0
K01879,1,13,1,14,172,0
K01880,1,17,0,17,1312,0
K01881,1,17,0,17,53,0
K01882,1,17,0,17,400,0
K01883,1,11,7,18,7243,0
K01884,2,7,4,11,2840,0
K01885,1,17,0,17,267,0
K01886,1,17,1,18,697,0
K01888,1,18,0,18,13,0
K01889,2,14,0,14,221,0
K01890,1,10,8,18,5111,0
K01891,2,17,0,17,276,0
K01892,1,17,0,17,24,0
K01893,1,17,0,17,425,0
K01894,1,15,3,18,1761,0
K01895,3,12,5,17,2973,0
K01897,1,17,0,17,25,0
K01898,1,18,0,18,246,0
K01899,2,17,0,17,219,0
K01900,1,17,0,17,291,0
K01901,1,17,0,17,17,0
K01904,1,18,0,18,128,0
K01905,3,17,0,17,336,0
K01906,1,17,0,17,173,0
K01907,1,16,1,17,359,0
K01908,2,16,1,17,492,0
K01909,3,12,6,18,5120,0
K01910,2,17,0,17,126,0
K01911,1,14,0,14,216,0
K01913,1,18,0,18,290,0
K01914,1,17,0,17,79,0
K01915,2,17,0,17,252,0
K01916,3,17,1,18,2697,0
K01917,1,17,0,17,43,0
K01920,2,17,0,17,240,0
K01921,1,18,0,18,99,0
K01922,3,17,0,17,887,0
K01923,1,13,0,13,159,0
K01925,1,4,14,18,541,0
K01928,1,14,0,14,19,0
K01929,2,13,5,18,5886,0
K01930,4,9,5,14,3429,0
K01931,3,11,6,17,7437,0
K01932,2,15,0,15,147,0
K01933,1,17,0,17,30,0
K01934,1,17,0,17,52,0
K01937,1,18,0,18,1133,0
K01938,1,17,0,17,15,0
K01939,1,17,0,17,112,0
K01940,2,17,0,17,361,0
K01942,2,17,0,17,759,0
K01943,1,18,0,18,53,0
K01944,1,12,5,17,1181,0
K01945,2,17,0,17,112,0
K01946,1,14,0,14,150,0
K01947,1,18,0,18,249,0
K01950,1,14,0,14,18,0
K01951,1,18,0,18,42,0
K01952,4,13,4,17,4435,0
K01955,4,15,2,17,4910,0
K01957,1,13,2,15,4676,0
K01958,1,17,0,17,84,0
K01959,1,13,0,13,31,0
K01960,2,17,0,17,233,0
K01961,1,18,0,18,838,0
K01962,1,9,5,14,420,0
K01963,1,17,0,17,117,0
K01964,1,10,8,18,9958,0
K01965,1,17,0,17,600,0
K01967,1,17,0,17,342,0
K01968,1,17,0,17,149,0
K01969,1,17,0,17,92,0
K01970,2,17,0,17,80,0
K01971,1,17,0,17,78,0
K01972,2,17,0,17,1316,0
K01973,1,15,2,17,2025,0
K01974,1,15,0,15,12,0
K01975,1,16,0,16,188,0
K01976,1,17,0,17,124,0
K01977,2,12,5,17,3459,0
K01978,2,17,0,17,295,0
K01979,1,18,0,18,589,0
K01980,1,17,0,17,12,0
K01981,1,14,0,14,1169,0
K01982,1,17,0,17,309,0
K01984,1,14,0,14,56,0
K01985,1,17,0,17,262,0
K01986,2,17,0,17,222,0
K01988,1,17,0,17,1616,0
K01989,1,18,0,18,7,0
K01990,1,17,0,17,61,0
K01992,3,17,0,17,190,0
K01996,2,14,0,14,297,0
K01997,1,17,0,17,39,0
K01998,1,17,0,17,223,0
K02000,1,17,0,17,57,0
K02001,1,18,0,18,193,0
K02002,1,15,0,15,92,0
K02004,3,18,0,18,1458,0
K02005,1,17,0,17,218,0
K02006,1,17,0,17,461,0
K02007,2,14,4,18,1332,0
K02009,1,17,0,17,17,0
K02010,1,14,0,14,47,0
K02011,2,18,0,18,318,0
K02012,2,17,0,17,51,0
K02013,1,18,0,18,662,0
K02016,1,9,0,9,185,0
K02017,1,18,0,18,697,0
K02018,2,14,0,14,122,0
K02019,1,16,0,16,100,0
K02020,1,17,0,17,13,0
K02021,1,14,0,14,330,0
K02022,2,17,0,17,377,0
K02023,1,17,0,17,111,0
K02024,1,17,0,17,32,0
K02025,3,11,6,17,3100,0
K02026,1,18,0,18,580,0
K02028,3,11,5,16,714,0
K02029,4,18,0,18,822,0
K02031,1,13,0,13,124,0
K02032,1,18,0,18,113,0
K02033,1,17,0,17,91,0
K02034,2,11,0,11,682,0
K02035,1,15,0,15,690,0
K02036,2,16,1,17,1187,0
K02037,3,10,4,14,3602,0
K02038,4,11,6,17,4988,0
K02039,2,17,0,17,2260,0
K02040,1,14,0,14,63,0
K02042,1,18,0,18,25,0
K02043,1,17,0,17,19,0
K02044,1,15,0,15,78,0
K02045,3,13,0,13,325,0
K02046,1,9,0,9,33,0
K02047,1,17,0,17,242,0
K02048,1,17,0,17,244,0
K02049,1,17,0,17,963,0
K02050,1,18,0,18,503,0
K02051,2,11,3,14,1154,0
K02052,1,14,0,14,294,0
K02053,2,18,0,18,467,0
K02055,4,14,0,14,1150,0
K02056,1,17,0,17,38,0
K02057,1,17,0,17,254,0
K02058,1,17,0,17,991,0
K02059,2,18,0,18,992,0
K02060,1,17,0,17,539,0
K02061,2,14,3,17,9133,0
K02062,1,17,0,17,43,0
K02063,1,17,0,17,502,0
K02064,1,17,0,17,239,0
K02065,1,13,0,13,14,0
K02066,1,17,0,17,10,0
K02067,1,18,0,18,120,0
K02068,1,14,0,14,29,0
K02069,1,17,0,17,19,0
K02071,1,17,0,17,391,0
K02072,1,18,0,18,1036,0
K02073,3,16,1,17,952,0
K02074,1,17,0,17,45,0
K02075,1,12,6,18,8309,0
K02076,2,17,0,17,32,0
K02078,2,17,0,17,89,0
K02079,1,18,0,18,2305,0
K02080,2,17,0,17,62,0
K02081,1,17,0,17,243,0
K02082,1,17,0,17,47,0
K02083,1,14,0,14,161,0
K02084,1,11,0,11,233,0
K02086,4,11,6,17,5741,0
K02087,1,17,1,18,180,0
K02090,1,14,0,14,242,0
K02091,1,17,0,17,172,0
K02092,3,13,1,14,261,0
K02093,3,14,0,14,3187,0
K02094,2,17,0,17,42,0
K02095,1,17,0,17,1053,0
K02096,1,17,0,17,154,0
K02097,1,14,0,14,21,0
K02098,2,13,0,13,58,0
K02099,1,17,0,17,19,0
K02100,1,17,0,17,353,0
K02101,1,17,0,17,522,0
K02102,1,17,0,17,8,0
K02103,2,17,0,17,1006,0
K02104,1,17,0,17,696,0
K02105,1,17,0,17,235,0
K02106,1,17,0,17,154,0
K02107,1,17,0,17,18,0
K02108,1,17,0,17,29,0
K02109,1,14,0,14,62,0
K02110,1,12,6,18,3381,0
K02111,2,17,0,17,669,0
K02113,2,9,5,14,2021,0
K02114,1,17,0,17,341,0
K02115,1,13,0,13,73,0
K02116,1,17,0,17,1206,0
K02117,1,17,0,17,113,0
K02119,1,17,0,17,2646,0
K02120,1,17,0,17,172,0
K02121,1,17,0,17,335,0
K02122,1,17,0,17,40,0
K02123,1,17,0,17,51,0
K02124,1,12,5,17,333,0
K02125,1,17,0,17,64,0
K02126,1,14,0,14,128,0
K02129,1,17,0,17,171,0
K02130,1,17,0,17,89,0
K02131,1,14,0,14,86,0
K02132,1,14,0,14,17,0
K02133,1,18,0,18,256,0
K02134,1,17,0,17,35,0
K02135,3,15,0,15,247,0
K02137,1,17,0,17,100,0
K02138,1,15,0,15,56,0
K02140,1,17,0,17,36,0
K02141,1,14,0,14,952,0
K02143,1,17,0,17,315,0
K02144,1,17,0,17,39,0
K02145,1,17,0,17,181,0
K02146,1,17,0,17,512,0
K02147,2,17,0,17,185,0
K02148,3,12,2,14,3147,0
K02149,1,12,3,15,686,0
K02150,2,17,0,17,114,0
K02152,1,17,0,17,35,0
K02153,2,17,0,17,83,0
K02154,1,16,0,16,119,0
K02155,1,17,0,17,348,0
K02156,1,17,0,17,529,0
K02158,2,18,0,18,589,0
K02159,1,17,0,17,198,0
K02160,2,10,4,14,1392,0
K02162,2,17,0,17,20,0
K02163,3,16,1,17,752,0
K02164,1,17,0,17,294,0
K02166,1,14,0,14,20,0
K02167,3,14,0,14,245,0
K02168,2,17,0,17,580,0
K02169,4,12,6,18,20106,0
K02171,1,17,0,17,427,0
K02172,2,14,0,14,129,0
K02173,2,12,6,18,757,0
K02174,4,10,6,16,10794,0
K02175,2,10,0,10,45,0
K02177,1,14,0,14,19,0
K02179,2,14,0,14,538,0
K02180,1,17,0,17,130,0
K02181,1,17,0,17,122,0
K02182,1,14,0,14,72,0
K02183,3,17,0,17,418,0
K02184,1,17,0,17,15,0
K02185,1,17,0,17,19,0
K02186,1,14,0,14,83,0
K02188,1,17,0,17,224,0
K02189,1,14,0,14,37,0
K02191,1,13,0,13,130,0
K02193,2,17,0,17,1001,0
K02194,3,16,1,17,184,0
K02195,3,16,1,17,933,0
K02198,1,15,0,15,55,0
K02199,2,14,0,14,544,0
K02200,1,14,0,14,392,0
K02202,1,17,0,17,1858,0
K02204,1,17,0,17,139,0
K02205,1,9,0,9,33,0
K02206,1,14,0,14,678,0
K02208,1,18,0,18,682,0
K02209,2,17,0,17,124,0
K02210,2,17,0,17,530,0
K02212,1,14,0,14,72,0
K02213,1,17,0,17,380,0
K02214,1,17,0,17,642,0
K02216,1,17,0,17,64,0
K02217,1,17,0,17,39,0
K02218,2,11,6,17,4067,0
K02219,1,17,0,17,402,0
K02220,5,15,2,17,8289,0
K02221,1,17,0,17,142,0
K02222,1,18,0,18,46,0
K02223,1,17,0,17,1368,0
K02224,2,15,2,17,1861,0
K02225,1,17,0,17,542,0
K02226,1,14,0,14,147,0
K02227,1,17,0,17,23,0
K02229,1,8,0,8,47,0
K02232,2,17,0,17,131,0
K02236,2,17,0,17,199,0
K02237,1,17,0,17,19,0
K02238,1,17,0,17,917,0
K02241,1,17,0,17,210,0
K02242,1,17,0,17,860,0
K02243,3,17,0,17,517,0
K02245,1,17,0,17,45,0
K02246,1,17,0,17,127,0
K02247,1,17,0,17,339,0
K02248,4,11,6,17,36503,0
K02250,2,10,0,10,1721,0
K02252,1,17,0,17,111,0
K02253,1,17,0,17,66,0
K02255,1,17,0,17,189,0
K02256,1,14,0,14,116,0
K02257,2,17,0,17,71,0
K02259,1,17,0,17,123,0
K02260,1,18,0,18,261,0
K02261,2,16,1,17,1645,0
K02263,3,17,0,17,305,0
K02264,2,17,0,17,253,0
K02266,1,11,0,11,973,0
K02271,1,17,0,17,27,0
K02272,1,17,0,17,1126,0
K02273,1,18,0,18,261,0
K02274,1,8,0,8,71,0
K02276,1,8,7,15,13428,0
K02278,2,17,0,17,413,0
K02279,2,14,0,14,145,0
K02280,1,14,0,14,47,0
K02281,2,17,0,17,1965,0
K02282,1,17,0,17,219,0
K02285,1,16,0,16,37,0
K02286,1,17,0,17,62,0
K02287,2,12,6,18,1642,0
K02288,1,17,0,17,39,0
K02289,2,15,0,15,87,0
K02290,1,14,3,17,97,0
K02291,1,17,0,17,34,0
K02293,1,17,0,17,100,0
K02294,1,17,0,17,11,0
K02295,1,17,1,18,255,0
K02296,1,14,0,14,11,0
K02297,1,13,0,13,248,0
K02298,3,17,0,17,748,0
K02299,1,14,0,14,75,0
K02300,1,17,0,17,562,0
K02302,1,17,0,17,89,0
K02303,2,16,0,16,449,0
K02304,1,17,0,17,135,0
K02305,1,14,0,14,40,0
K02308,1,16,0,16,49,0
K02309,1,17,0,17,28,0
K02310,1,17,0,17,91,0
K02311,3,11,2,13,551,0
K02312,1,13,2,15,34,0
K02313,1,17,0,17,93,0
K02314,1,17,0,17,80,0
K02315,1,17,0,17,68,0
K02316,1,17,0,17,88,0
K02317,1,14,0,14,328,0
K02318,1,14,0,14,118,0
K02319,1,18,0,18,75,0
K02321,2,17,0,17,56,0
K02324,1,17,0,17,1254,0
K02325,1,17,0,17,1473,0
K02327,2,17,0,17,301,0
K02328,1,17,0,17,59,0
K02329,1,17,0,17,935,0
K02331,1,18,0,18,564,0
K02332,1,18,0,18,432,0
K02333,2,17,0,17,582,0
K02335,1,17,0,17,93,0
K02337,1,13,0,13,136,0
K02338,1,17,0,17,22,0
K02339,2,14,3,17,4686,0
K02340,1,17,0,17,196,0
K02342,1,18,0,18,106,0
K02343,1,17,0,17,51,0
K02344,1,17,0,17,1350,0
K02345,1,14,0,14,81,0
K02346,1,17,0,17,52,0
K02347,1,17,0,17,2569,0
K02348,1,17,0,17,17,0
K02350,1,17,0,17,1401,0
K02351,1,17,0,17,147,0
K02352,3,12,6,18,6357,0
K02353,1,17,0,17,291,0
K02354,1,17,0,17,1312,0
K02355,1,16,0,16,1168,0
K02356,1,17,0,17,110,0
K02357,2,16,0,16,676,0
K02358,1,15,0,15,23,0
K02361,1,17,0,17,261,0
K02362,1,14,0,14,112,0
K02363,1,17,0,17,481,0
K02364,1,8,0,8,135,0
K02365,2,17,0,17,55,0
K02366,1,15,0,15,52,0
K02367,1,18,0,18,232,0
K02368,1,16,0,16,176,0
K02369,3,12,0,12,411,0
K02370,1,18,0,18,20,0
K02371,1,17,0,17,116,0
K02372,1,18,0,18,299,0
K02373,1,17,0,17,10,0
K02374,2,17,0,17,411,0
K02376,1,11,0,11,51,0
K02377,1,17,0,17,108,0
K02378,1,14,0,14,261,0
K02380,1,14,0,14,195,0
K02383,1,17,0,17,345,0
K02384,1,18,0,18,25,0
K02386,1,14,0,14,76,0
K02387,1,17,0,17,743,0
K02389,1,17,0,17,65,0
K02390,1,10,4,14,714,0
K02392,1,17,0,17,203,0
K02393,2,14,0,14,1893,0
K02397,1,17,0,17,125,0
K02399,1,17,0,17,788,0
K02400,1,17,0,17,130,0
K02401,1,17,0,17,39,0
K02402,1,17,0,17,92,0
K02403,1,18,0,18,120,0
K02404,1,16,0,16,676,0
K02406,1,17,0,17,215,0
K02407,1,17,0,17,87,0
K02408,1,17,0,17,16,0
K02409,1,14,0,14,2155,0
K02411,1,9,0,9,66,0
K02413,2,17,0,17,165,0
K02414,2,12,5,17,943,0
K02415,1,14,0,14,236,0
K02416,1,17,0,17,255,0
K02417,1,10,0,10,18,0
K02418,1,12,2,14,72,0
K02419,1,7,0,7,62,0
K02420,2,17,0,17,421,0
K02421,2,17,0,17,1040,0
K02422,2,17,0,17,82,0
K02423,1,14,0,14,27,0
K02424,1,17,0,17,126,0
K02426,1,17,0,17,363,0
K02432,1,17,0,17,48,0
K02433,6,9,5,14,5565,0
K02436,1,17,0,17,17,0
K02437,1,17,0,17,364,0
K02439,2,14,0,14,404,0
K02440,1,13,0,13,237,0
K02442,2,15,1,16,480,0
K02443,2,15,2,17,1539,0
K02444,1,13,0,13,62,0
K02445,1,10,4,14,241,0
K02448,1,10,0,10,65,0
K02449,2,14,0,14,1386,0
K02450,2,17,0,17,299,0
K02453,1,17,0,17,987,0
K02457,1,12,6,18,4597,0
K02458,2,17,0,17,861,0
K02460,1,14,0,14,109,0
K02461,1,14,0,14,90,0
K02462,1,12,6,18,1397,0
K02463,1,18,0,18,214,0
K02466,2,17,0,17,589,0
K02467,1,17,0,17,298,0
K02468,1,17,0,17,62,0
K02469,1,17,0,17,11,0
K02471,1,17,0,17,58,0
K02472,1,17,0,17,579,0
K02473,2,14,0,14,468,0
K02474,1,14,3,17,48,0
K02477,1,17,0,17,107,0
K02479,1,18,0,18,62,0
K02480,1,17,0,17,2266,0
K02482,1,17,0,17,33,0
K02483,1,14,0,14,82,0
K02484,1,18,0,18,23,0
K02485,3,14,0,14,686,0
K02486,1,18,0,18,374,0
K02487,1,17,0,17,41,0
K02488,1,17,0,17,121,0
K02489,1,14,0,14,317,0
K02490,1,17,0,17,130,0
K02491,1,17,0,17,566,0
K02492,1,14,0,14,1263,0
K02493,1,14,0,14,1876,0
K02494,1,17,0,17,79,0
K02497,1,14,0,14,25,0
K02498,2,17,0,17,339,0
K02503,1,17,0,17,101,0
K02504,1,14,0,14,60,0
K02506,1,17,0,17,174,0
K02507,1,17,0,17,135,0
K02508,1,17,0,17,212,0
K02509,1,17,0,17,332,0
K02512,1,17,0,17,94,0
K02513,1,17,0,17,79,0
K02516,1,18,0,18,569,0
K02517,1,17,0,17,1560,0
K02519,1,17,0,17,315,0
K02520,1,17,0,17,232,0
K02521,2,14,0,14,298,0
K02522,1,17,0,17,269,0
K02523,2,14,0,14,571,0
K02524,1,17,0,17,36,0
K02525,1,13,0,13,20,0
K02527,1,17,0,17,1090,0
K02528,1,17,0,17,125,0
K02529,2,17,0,17,112,0
K02530,1,15,0,15,35,0
K02531,1,11,0,11,55,0
K02532,1,17,0,17,189,0
K02533,2,10,4,14,2349,0
K02534,2,17,0,17,777,0
K02535,1,17,0,17,30,0
K02536,1,17,0,17,29,0
K02538,1,17,0,17,37,0
K02541,2,18,0,18,293,0
K02542,1,13,0,13,1588,0
K02543,1,17,0,17,1160,0
K02544,1,16,0,16,49,0
K02545,1,12,6,18,2442,0
K02547,1,14,0,14,139,0
K02548,1,18,0,18,1934,0
K02550,1,17,0,17,83,0
K02551,1,17,0,17,91,0
K02552,1,17,0,17,413,0
K02553,1,17,0,17,17,0
K02554,2,16,1,17,500,0
K02555,1,18,0,18,127,0
K02556,1,14,0,14,30,0
K02559,1,17,0,17,162,0
K02560,1,11,0,11,53,0
K02561,1,17,0,17,466,0
K02563,2,17,0,17,305,0
K02564,2,17,0,17,107,0
K02569,1,17,0,17,182,0
K02571,1,17,0,17,1828,0
K02572,1,14,0,14,195,0
K02577,1,13,5,18,778,0
K02578,1,17,0,17,113,0
K02579,3,17,0,17,1119,0
K02580,1,16,0,16,456,0
K02581,1,18,0,18,125,0
K02582,1,17,0,17,37,0
K02583,1,18,0,18,527,0
K02585,3,18,0,18,655,0
K02586,1,14,0,14,583,0
K02587,1,14,0,14,96,0
K02588,1,17,0,17,261,0
K02589,1,17,0,17,2275,0
K02590,1,18,0,18,70,0
K02592,1,17,0,17,8,0
K02593,2,17,0,17,260,0
K02594,1,9,0,9,71,0
K02595,2,12,5,17,2544,0
K02597,3,11,6,17,6527,0
K02598,1,17,0,17,51,0
K02602,1,17,0,17,131,0
K02603,1,17,0,17,20,0
K02604,1,17,0,17,104,0
K02607,1,17,0,17,2002,0
K02608,1,14,0,14,450,0
K02610,2,18,0,18,79,0
K02612,2,12,3,15,3162,0
K02613,1,17,0,17,29,0
K02614,1,17,0,17,189,0
K02615,1,17,0,17,321,0
K02617,1,16,0,16,164,0
K02619,1,14,0,14,379,0
K02620,1,17,0,17,94,0
K02623,2,18,0,18,683,0
K02624,1,14,0,14,10,0
K02625,1,17,0,17,396,0
K02626,1,16,1,17,105,0
K02627,1,17,0,17,180,0
K02628,1,17,0,17,898,0
K02631,1,18,0,18,35,0
K02632,1,11,4,15,1633,0
K02634,1,17,0,17,75,0
K02635,1,18,0,18,71,0
K02636,2,18,0,18,721,0
K02637,1,17,0,17,378,0
K02638,1,16,0,16,563,0
K02639,2,3,3,6,4216,0
K02641,1,17,0,17,424,0
K02643,1,17,0,17,166,0
K02647,1,17,0,17,170,0
K02649,1,13,0,13,152,0
K02650,2,12,5,17,2449,0
K02652,1,17,0,17,93,0
K02654,1,14,0,14,91,0
K02655,1,17,0,17,92,0
K02656,1,17,0,17,223,0
K02657,1,18,0,18,306,0
K02658,1,17,0,17,129,0
K02660,1,9,0,9,44,0
K02662,1,17,0,17,718,0
K02663,1,18,0,18,161,0
K02664,1,13,3,16,315,0
K02666,1,13,0,13,18,0
K02668,1,13,0,13,1701,0
K02671,1,10,0,10,41,0
K02672,2,12,6,18,586,0
K02674,3,17,1,18,2039,0
K02675,2,18,0,18,1726,0
K02677,1,18,0,18,6,0
K02678,2,15,3,18,6638,0
K02679,1,18,0,18,14,0
K02680,1,17,0,17,104,0
K02681,2,16,0,16,73,0
K02683,1,17,0,17,11,0
K02686,1,16,1,17,18,0
K02687,2,14,4,18,8382,0
K02688,1,10,0,10,163,0
K02689,1,16,0,16,8,0
K02690,1,15,0,15,369,0
K02691,1,17,0,17,15,0
K02693,3,17,1,18,2000,0
K02694,2,17,0,17,2021,0
K02695,1,13,0,13,461,0
K02696,2,14,1,15,123,0
K02698,1,17,0,17,17,0
K02699,1,17,0,17,2656,0
K02700,1,15,2,17,7323,0
K02703,1,17,0,17,7,0
K02704,3,7,1,8,2173,0
K02705,1,10,0,10,307,0
K02706,1,13,5,18,4672,0
K02707,3,17,0,17,186,0
K02708,1,16,0,16,1637,0
K02711,2,17,0,17,254,0
K02712,1,12,2,14,848,0
K02714,3,17,0,17,144,0
K02715,3,7,1,8,2340,0
K02716,2,16,0,16,1697,0
K02717,1,18,0,18,1720,0
K02719,2,17,0,17,381,0
K02720,1,13,5,18,2200,0
K02721,1,13,0,13,34,0
K02722,5,15,2,17,4477,0
K02723,1,17,0,17,773,0
K02728,1,15,0,15,31,0
K02729,1,17,0,17,101,0
K02730,1,17,0,17,334,0
K02732,4,17,0,17,413,0
K02733,1,17,0,17,268,0
K02734,1,14,0,14,325,0
K02735,1,17,0,17,2704,0
K02736,1,17,0,17,161,0
K02739,2,17,0,17,361,0
K02742,1,17,0,17,1914,0
K02743,1,17,0,17,127,0
K02744,2,17,0,17,143,0
K02745,1,17,0,17,96,0
K02747,1,13,0,13,184,0
K02748,2,14,0,14,268,0
K02750,1,11,0,11,5,0
K02751,1,17,0,17,61,0
K02753,1,13,0,13,1235,0
K02754,1,9,0,9,596,0
K02755,1,18,0,18,188,0
K02756,2,17,0,17,2570,0
K02757,1,17,0,17,6,0
K02758,1,16,2,18,25,0
K02759,1,14,0,14,1154,0
K02760,1,13,4,17,203,0
K02762,1,17,0,17,11,0
K02764,1,17,0,17,670,0
K02768,2,15,2,17,1010,0
K02770,1,17,0,17,7,0
K02775,1,13,0,13,65,0
K02778,1,14,0,14,561,0
K02779,1,17,0,17,43,0
K02780,1,16,0,16,424,0
K02785,1,8,0,8,149,0
K02786,1,17,0,17,33,0
K02789,1,17,0,17,444,0
K02790,1,17,0,17,107,0
K02791,1,17,0,17,54,0
K02792,1,11,4,15,5467,0
K02793,2,7,0,7,490,0
K02796,1,17,0,17,2811,0
K02797,1,17,0,17,1740,0
K02798,1,17,0,17,1649,0
K02801,1,13,5,18,2064,0
K02802,1,13,0,13,300,0
K02803,1,18,0,18,672,0
K02805,1,18,0,18,852,0
K02806,1,16,0,16,57,0
K02807,1,17,0,17,447,0
K02812,1,17,0,17,19,0
K02813,1,18,0,18,2290,0
K02816,1,14,0,14,964,0
K02817,1,8,0,8,1121,0
K02820,1,17,0,17,502,0
K02821,1,18,0,18,20,0
K02822,1,14,0,14,279,0
K02827,1,17,0,17,213,0
K02828,2,14,0,14,22,0
K02829,1,18,0,18,150,0
K02830,1,17,0,17,37,0
K02832,1,17,0,17,422,0
K02833,1,18,0,18,892,0
K02834,1,16,0,16,10,0
K02835,1,16,0,16,225,0
K02836,1,15,0,15,453,0
K02837,1,18,0,18,120,0
K02838,2,18,0,18,542,0
K02839,1,10,0,10,410,0
K02840,2,17,0,17,612,0
K02841,1,17,0,17,9,0
K02842,3,6,1,7,3707,0
K02845,1,17,0,17,959,0
K02848,1,18,0,18,116,0
K02849,1,17,0,17,253,0
K02851,2,18,0,18,1757,0
K02852,1,14,0,14,1841,0
K02853,1,17,0,17,1073,0
K02855,1,17,0,17,1078,0
K02856,1,7,0,7,24,0
K02857,2,13,0,13,212,0
K02859,5,16,1,17,6334,0
K02860,1,14,0,14,12,0
K02862,1,14,0,14,50,0
K02865,1,17,0,17,1152,0
K02866,1,17,0,17,1170,0
K02868,1,14,0,14,116,0
K02869,2,14,0,14,381,0
K02871,4,17,0,17,677,0
K02874,1,17,0,17,4286,0
K02876,1,11,0,11,188,0
K02877,1,17,0,17,284,0
K02878,1,14,0,14,319,0
K02879,1,18,0,18,4718,0
K02880,1,16,0,16,1919,0
K02882,1,11,0,11,12,0
K02883,1,14,0,14,104,0
K02886,1,17,0,17,1713,0
K02890,1,17,0,17,168,0
K02894,1,16,0,16,137,0
K02898,1,14,0,14,49,0
K02899,1,14,0,14,215,0
K02900,1,12,0,12,23,0
K02904,1,15,0,15,81,0
K02906,3,17,0,17,186,0
K02910,1,11,0,11,63,0
K02913,1,18,0,18,553,0
K02914,1,18,0,18,75,0
K02915,1,17,0,17,298,0
K02919,1,17,0,17,599,0
K02920,1,17,0,17,224,0
K02921,1,13,0,13,69,0
K02923,1,17,0,17,258,0
K02924,2,17,0,17,832,0
K02925,1,17,0,17,2108,0
K02926,5,7,0,7,215,0
K02927,1,14,0,14,50,0
K02931,1,17,0,17,15,0
K02933,1,17,0,17,12,0
K02935,1,17,0,17,54,0
K02936,1,14,0,14,192,0
K02942,2,11,0,11,110,0
K02943,1,17,0,17,27,0
K02945,1,17,0,17,75,0
K02946,1,14,0,14,82,0
K02948,1,18,0,18,140,0
K02949,2,14,0,14,453,0
K02951,1,14,0,14,509,0
K02956,1,15,3,18,2368,0
K02957,1,17,0,17,325,0
K02958,1,17,0,17,47,0
K02959,1,14,0,14,77,0
K02961,1,18,0,18,422,0
K02962,1,14,0,14,572,0
K02963,2,17,0,17,287,0
K02964,1,14,0,14,26,0
K02967,1,14,0,14,33,0
K02968,1,18,0,18,157,0
K02970,1,18,0,18,331,0
K02971,2,17,0,17,294,0
K02972,2,18,0,18,158,0
K02976,1,17,0,17,69,0
K02977,2,17,0,17,906,0
K02980,1,14,0,14,759,0
K02981,1,14,0,14,137,0
K02982,1,17,0,17,375,0
K02984,1,18,0,18,139,0
K02989,1,17,0,17,238,0
K02990,1,17,0,17,134,0
K02992,1,16,0,16,17,0
K02994,1,17,0,17,742,0
K02995,1,16,0,16,273,0
K02996,1,17,0,17,94,0
K02998,1,13,0,13,40,0
K03002,1,18,0,18,137,0
K03004,2,5,0,5,85,0
K03007,1,17,0,17,135,0
K03008,1,4,0,4,118,0
K03009,1,17,0,17,1975,0
K03010,1,15,1,16,64,0
K03013,1,17,0,17,401,0
K03014,1,14,0,14,14,0
K03015,1,18,0,18,442,0
K03017,1,18,0,18,649,0
K03019,2,17,0,17,1112,0
K03020,1,18,0,18,146,0
K03022,2,17,0,17,845,0
K03025,1,14,0,14,94,0
K03026,1,13,0,13,328,0
K03027,1,17,0,17,248,0
K03028,1,14,0,14,2,0
K03029,2,17,0,17,317,0
K03031,1,17,0,17,197,0
K03032,1,14,0,14,1955,0
K03034,1,17,0,17,48,0
K03037,1,17,0,17,276,0
K03038,1,17,0,17,1010,0
K03039,1,17,0,17,74,0
K03040,1,14,0,14,258,0
K03041,1,14,0,14,244,0
K03042,1,17,0,17,48,0
K03043,2,17,0,17,696,0
K03045,1,14,0,14,27,0
K03048,1,17,0,17,319,0
K03049,1,13,0,13,51,0
K03050,1,17,0,17,1216,0
K03051,1,17,0,17,129,0
K03052,2,17,0,17,245,0
K03053,2,16,0,16,183,0
K03056,1,17,0,17,225,0
K03057,2,14,0,14,158,0
K03060,1,15,0,15,192,0
K03061,2,17,0,17,225,0
K03063,1,14,0,14,66,0
K03065,1,9,0,9,892,0
K03066,1,13,0,13,47,0
K03068,2,17,0,17,612,0
K03069,1,17,0,17,35,0
K03071,1,17,0,17,63,0
K03072,1,17,0,17,62,0
K03073,1,17,0,17,203,0
K03075,1,18,0,18,335,0
K03077,2,15,0,15,501,0
K03078,1,17,0,17,506,0
K03083,3,16,1,17,1547,0
K03086,1,11,0,11,5,0
K03088,2,17,0,17,455,0
K03089,1,14,0,14,1449,0
K03090,1,12,0,12,279,0
K03091,2,17,0,17,279,0
K03093,1,17,0,17,51,0
K03094,1,17,0,17,330,0
K03095,1,17,0,17,441,0
K03096,1,17,0,17,104,0
K03097,3,14,4,18,4109,0
K03101,1,17,0,17,105,0
K03104,1,17,0,17,1221,0
K03105,1,17,0,17,358,0
K03106,1,14,0,14,1284,0
K03108,1,14,0,14,169,0
K03109,1,17,0,17,141,0
K03110,1,14,0,14,277,0
K03111,2,17,0,17,489,0
K03112,1,14,0,14,587,0
K03113,1,9,0,9,325,0
K03114,1,18,0,18,213,0
K03115,1,17,0,17,257,0
K03116,1,17,0,17,63,0
K03117,1,18,0,18,263,0
K03119,1,10,0,10,406,0
K03120,1,14,0,14,300,0
K03122,1,18,0,18,198,0
K03123,1,17,0,17,99,0
K03125,1,18,0,18,359,0
K03127,1,14,0,14,128,0
K03128,1,18,0,18,75,0
K03130,2,17,0,17,368,0
K03131,1,16,0,16,130,0
K03132,1,15,0,15,2484,0
K03136,1,17,0,17,631,0
K03137,1,17,0,17,1134,0
K03138,2,10,0,10,147,0
K03140,1,17,0,17,265,0
K03141,1,17,0,17,651,0
K03142,1,17,0,17,54,0
K03144,1,5,0,5,55,0
K03145,2,17,0,17,1879,0
K03146,1,14,0,14,31,0
K03147,1,17,0,17,38,0
K03158,5,13,5,18,12886,0
K03165,1,14,4,18,2888,0
K03168,1,14,4,18,208,0
K03179,1,18,0,18,267,0
K03184,2,18,0,18,609,0
K03190,1,18,0,18,178,0
K03196,2,15,3,18,3231,0
K03202,1,15,3,18,99,0
K03203,1,18,0,18,16,0
K03206,1,18,0,18,105,0
K03207,1,18,0,18,1676,0
K03208,1,15,0,15,625,0
K03209,2,15,2,17,1539,0
K03214,2,18,0,18,202,0
K03220,1,18,0,18,19,0
K03224,1,18,0,18,465,0
K03225,1,16,2,18,1384,0
K03226,1,15,0,15,192,0
K03232,1,18,0,18,264,0
K03234,1,18,0,18,661,0
K03236,1,18,0,18,224,0
K03237,1,14,0,14,37,0
K03245,1,18,0,18,150,0
K03246,1,18,0,18,2318,0
K03248,1,18,0,18,231,0
K03255,1,17,0,17,22,0
K03258,1,17,0,17,37,0
K03259,1,17,0,17,20,0
K03260,1,9,0,9,14,0
K03261,1,17,0,17,123,0
K03262,1,17,0,17,114,0
K03263,1,14,0,14,16,0
K03264,1,17,0,17,116,0
K03266,1,17,0,17,27,0
K03267,1,17,0,17,106,0
K03271,2,17,0,17,280,0
K03274,1,14,0,14,34,0
K03277,1,18,0,18,37,0
K03279,1,14,0,14,40,0
K03280,1,14,0,14,26,0
K03281,1,14,0,14,26,0
K03282,1,17,0,17,30,0
K03283,2,17,0,17,90,0
K03284,1,17,0,17,42,0
K03286,1,14,0,14,68,0
K03287,1,13,0,13,22,0
K03288,1,13,0,13,24,0
K03296,1,17,0,17,24,0
K03298,1,14,0,14,41,0
K03301,1,17,0,17,72,0
K03303,1,17,0,17,51,0
K03305,1,14,0,14,18,0
K03306,1,14,0,14,49,0
K03307,1,16,0,16,135,0
K03308,2,17,0,17,330,0
K03309,1,17,0,17,21,0
K03310,1,17,0,17,73,0
K03311,1,17,0,17,47,0
K03312,1,14,0,14,68,0
K03313,1,17,0,17,43,0
K03315,1,17,0,17,48,0
K03316,1,17,0,17,32,0
K03318,2,11,0,11,108,0
K03319,3,17,0,17,686,0
K03320,1,14,0,14,14,0
K03323,1,14,0,14,86,0
K03324,1,14,0,14,56,0
K03329,1,14,0,14,98,0
K03330,1,17,0,17,92,0
K03335,1,14,0,14,39,0
K03337,1,17,0,17,135,0
K03339,1,17,0,17,65,0
K03340,2,17,0,17,278,0
K03341,2,17,0,17,185,0
K03343,1,17,0,17,18,0
K03344,3,17,0,17,552,0
K03345,1,17,0,17,39,0
K03346,1,17,0,17,104,0
K03347,1,17,0,17,117,0
K03348,2,17,0,17,126,0
K03349,1,17,0,17,18,0
K03352,1,17,0,17,145,0
K03353,1,17,0,17,130,0
K03354,1,14,0,14,107,0
K03355,1,17,0,17,92,0
K03356,1,17,0,17,57,0
K03358,1,17,0,17,149,0
K03361,1,17,0,17,22,0
K03363,1,14,0,14,85,0
K03365,1,17,0,17,68,0
K03367,1,14,0,14,49,0
K03368,1,13,0,13,114,0
K03370,2,17,0,17,316,0
K03371,2,14,0,14,122,0
K03372,1,11,0,11,36,0
K03374,2,17,0,17,202,0
K03375,1,14,0,14,26,0
K03377,1,17,0,17,150,0
K03379,1,17,0,17,49,0
K03383,1,16,0,16,37,0
K03384,2,18,0,18,231,0
K03389,1,17,0,17,50,0
K03391,1,16,0,16,38,0
K03393,1,14,0,14,22,0
K03394,1,17,0,17,97,0
K03395,2,17,0,17,450,0
K03396,1,17,0,17,41,0
K03397,1,17,0,17,42,0
K03398,3,15,0,15,527,0
K03401,2,14,0,14,72,0
K03403,2,15,0,15,249,0
K03404,1,17,0,17,18,0
K03407,1,17,0,17,16,0
K03408,1,17,0,17,23,0
K03410,2,17,0,17,115,0
K03411,1,13,0,13,43,0
K03412,1,17,0,17,90,0
K03415,1,18,0,18,106,0
K03416,1,17,0,17,127,0
K03417,1,14,0,14,13,0
K03418,1,15,0,15,15,0
K03420,2,17,0,17,381,0
K03421,1,17,0,17,37,0
K03423,1,17,0,17,49,0
K03425,3,18,0,18,794,0
K03426,1,17,0,17,25,0
K03428,1,17,0,17,23,0
K03429,3,14,0,14,248,0
K03430,1,17,0,17,108,0
K03431,1,18,0,18,81,0
K03432,1,17,0,17,31,0
K03433,1,15,0,15,39,0
K03434,1,17,0,17,146,0
K03436,1,14,0,14,28,0
K03437,2,17,0,17,143,0
K03438,1,17,0,17,103,0
K03439,1,14,0,14,29,0
K03440,2,13,0,13,53,0
K03443,1,17,0,17,15,0
K03444,4,17,0,17,823,0
K03445,1,17,0,17,18,0
K03448,1,17,0,17,46,0
K03451,1,4,0,4,32,0
K03455,1,14,0,14,88,0
K03456,2,12,0,12,36,0
K03458,1,14,0,14,88,0
K03459,1,17,0,17,114,0
K03460,1,14,0,14,19,0
K03462,2,13,0,13,129,0
K03463,1,17,0,17,46,0
K03465,1,18,0,18,99,0
K03468,1,17,0,17,72,0
K03469,1,14,0,14,20,0
K03470,2,14,0,14,130,0
K03472,1,17,0,17,144,0
K03473,1,17,0,17,54,0
K03474,1,17,0,17,28,0
K03478,1,18,0,18,47,0
K03480,1,14,0,14,104,0
K03481,1,17,0,17,46,0
K03482,1,17,0,17,98,0
K03483,1,17,0,17,18,0
K03484,1,11,0,11,11,0
K03486,1,17,0,17,79,0
K03493,1,17,0,17,32,0
K03494,1,17,0,17,35,0
K03495,2,17,0,17,311,0
K03496,2,16,0,16,227,0
K03497,1,18,0,18,78,0
K03500,2,18,0,18,357,0
K03503,2,17,0,17,118,0
K03504,1,16,0,16,10,0
K03508,1,17,0,17,7,0
K03663,1,18,0,18,5,0
K03678,1,18,0,18,9,0
K03680,1,17,0,17,10,0
K03681,2,18,0,18,159,0
K03683,1,17,1,18,18,0
K03685,1,17,0,17,208,0
K03689,1,1,0,1,16,0
K03728,1,18,0,18,288,0
K03741,3,18,0,18,565,0
K03749,1,1,0,1,8,0
K03761,1,17,0,17,9,0
K03762,1,17,0,17,6,0
K03767,1,13,5,18,2155,0
K03770,1,1,0,1,34,0
K03777,1,15,0,15,75,0
K03787,1,17,0,17,10,0
K03791,2,17,0,17,9,0
K03794,1,12,5,17,22032,0
K03801,1,17,0,17,5,0
K03810,1,1,0,1,87,0
K03811,1,17,0,17,5,0
K03815,1,17,0,17,318,0
K03823,1,17,0,17,7,0
K03835,1,18,0,18,33,0
K03848,1,17,0,17,817,0
K03864,2,15,0,15,1174,0
K03867,1,17,0,17,1609,0
K03876,1,18,0,18,81,0
K03878,2,14,1,15,305,0
K03880,1,18,0,18,887,0
K03891,1,17,0,17,32,0
K03892,1,18,0,18,662,0
K03893,1,17,0,17,386,0
K03901,1,14,0,14,7,0
K03908,1,15,0,15,22,0
K03909,1,17,0,17,6,0
K03911,1,17,0,17,843,0
K03913,1,17,0,17,2592,0
K03916,1,17,0,17,283,0
K03925,3,1,0,1,59,0
K03928,1,18,0,18,1405,0
K03933,1,17,0,17,432,0
K03935,1,17,0,17,1381,0
K03936,2,18,0,18,133,0
K03943,1,17,0,17,39,0
K03946,1,18,0,18,5,0
K03954,1,8,0,8,124,0
K03966,1,17,0,17,10,0
K03975,1,9,0,9,2,0
K03984,1,17,0,17,1046,0
K03991,1,14,0,14,792,0
K04002,1,13,0,13,2204,0
K04004,1,14,0,14,251,0
K04005,1,17,0,17,8,0
K04007,1,17,0,17,131,0
K04009,2,17,0,17,27,0
K04014,1,17,0,17,6,0
K04015,1,17,0,17,11,0
K04016,1,13,0,13,9,0
K04021,2,18,0,18,545,0
K04022,1,18,0,18,329,0
K04024,1,17,0,17,179,0
K04030,1,14,0,14,7,0
K04032,5,18,0,18,1757,0
K04034,2,15,0,15,305,0
K04036,1,17,0,17,8,0
K04037,1,17,0,17,6,0
K04051,1,14,0,14,7,0
K04053,1,18,0,18,1126,0
K04054,1,17,0,17,8,0
K04056,1,14,0,14,314,0
K04060,1,17,0,17,6,0
K04066,1,17,0,17,11,0
K04067,1,1,0,1,9,0
K04068,1,7,0,7,31,0
K04069,1,17,0,17,115,0
K04072,1,14,0,14,1795,0
K04076,1,17,0,17,12,0
K04084,3,17,0,17,331,0
K04087,1,13,0,13,11,0
K04091,1,17,0,17,6,0
K04092,1,14,0,14,50,0
K04097,2,14,0,14,724,0
K04098,1,17,0,17,1347,0
K04099,1,17,0,17,305,0
K04103,2,17,0,17,114,0
K04105,1,17,0,17,4,0
K04109,1,17,0,17,2303,0
K04117,1,17,0,17,356,0
K04120,1,17,0,17,13,0
K04121,1,17,0,17,7,0
K04123,1,17,0,17,33,0
K04126,1,17,0,17,186,0
K04127,1,14,0,14,140,0
K04129,1,17,0,17,652,0
K04136,2,17,0,17,999,0
K04139,1,17,0,17,404,0
K04144,1,17,0,17,3098,0
K04145,1,17,0,17,464,0
K04146,2,16,1,17,2754,0
K04149,2,14,0,14,214,0
K04150,1,17,0,17,48,0
K04152,1,18,0,18,24,0
K04153,1,17,0,17,326,0
K04156,1,17,0,17,311,0
K04157,2,18,0,18,724,0
K04159,1,17,0,17,1554,0
K04160,1,18,0,18,527,0
K04166,1,14,0,14,126,0
K04169,1,17,0,17,1503,0
K04184,1,18,0,18,263,0
K04185,1,17,0,17,497,0
K04188,1,18,0,18,229,0
K04189,1,4,0,4,5,0
K04190,1,18,0,18,466,0
K04192,2,17,0,17,130,0
K04194,1,14,0,14,809,0
K04198,1,17,1,18,3530,0
K04199,1,13,0,13,2140,0
K04202,1,16,0,16,9,0
K04204,1,17,0,17,72,0
K04205,1,17,0,17,1294,0
K04207,1,17,0,17,2152,0
K04208,1,16,0,16,465,0
K04212,2,17,0,17,409,0
K04215,1,17,0,17,56,0
K04222,1,17,0,17,446,0
K04226,1,17,0,17,30,0
K04230,1,16,0,16,258,0
K04232,1,17,0,17,577,0
K04234,1,17,0,17,217,0
K04235,1,18,0,18,24,0
K04241,1,14,0,14,487,0
K04242,1,17,0,17,10,0
K04245,1,17,0,17,61,0
K04246,2,18,0,18,411,0
K04247,1,17,0,17,4,0
K04251,1,17,0,17,242,0
K04252,1,17,0,17,97,0
K04253,1,17,0,17,8,0
K04255,1,15,0,15,211,0
K04257,1,17,0,17,36,0
K04259,1,17,0,17,1662,0
K04260,1,17,1,18,46,0
K04261,1,17,0,17,1041,0
K04264,1,17,0,17,1700,0
K04267,1,17,0,17,684,0
K04268,1,17,0,17,1777,0
K04269,2,18,0,18,420,0
K04273,1,18,0,18,92,0
K04274,1,14,0,14,630,0
K04276,1,14,0,14,21,0
K04287,2,17,1,18,749,0
K04288,3,18,0,18,544,0
K04290,1,4,0,4,73,0
K04292,1,17,0,17,161,0
K04295,1,17,0,17,112,0
K04296,1,17,0,17,605,0
K04298,1,17,0,17,521,0
K04300,1,14,0,14,347,0
K04301,2,18,0,18,355,0
K04302,1,18,0,18,289,0
K04303,1,16,0,16,7,0
K04304,1,17,0,17,160,0
K04307,1,14,0,14,7,0
K04310,1,17,0,17,140,0
K04312,1,17,0,17,192,0
K04318,1,18,0,18,107,0
K04320,1,17,0,17,73,0
K04323,1,17,0,17,131,0
K04325,1,16,0,16,2331,0
K04327,1,14,0,14,1254,0
K04329,1,18,0,18,89,0
K04331,1,17,0,17,879,0
K04333,1,17,0,17,4,0
K04334,1,17,0,17,618,0
K04335,1,17,0,17,198,0
K04337,1,17,0,17,184,0
K04341,1,18,0,18,148,0
K04343,1,17,0,17,55,0
K04345,1,18,0,18,369,0
K04346,1,17,0,17,236,0
K04347,1,14,0,14,407,0
K04351,1,17,0,17,2345,0
K04353,1,2,0,2,9,0
K04356,1,16,0,16,8,0
K04357,1,17,0,17,2218,0
K04358,1,16,0,16,13,0
K04360,1,17,0,17,556,0
K04361,1,17,0,17,19,0
K04363,1,5,0,5,24,0
K04364,1,17,0,17,331,0
K04366,1,17,0,17,1980,0
K04367,1,17,0,17,8,0
K04371,1,14,0,14,18,0
K04372,1,17,0,17,241,0
K04374,1,14,0,14,335,0
K04377,1,18,0,18,80,0
K04382,2,17,0,17,891,0
K04383,2,17,0,17,932,0
K04384,1,13,0,13,9,0
K04385,3,14,0,14,244,0
K04386,1,17,0,17,81,0
K04388,1,18,0,18,25,0
K04389,1,17,0,17,92,0
K04390,1,3,0,3,162,0
K04391,1,17,0,17,30,0
K04393,1,17,0,17,927,0
K04395,1,17,0,17,787,0
K04396,1,18,0,18,3,0
K04398,1,11,0,11,133,0
K04399,1,18,0,18,38,0
K04400,1,17,0,17,683,0
K04403,1,17,0,17,256,0
K04405,1,14,0,14,139,0
K04407,1,17,1,18,3120,0
K04409,1,18,0,18,112,0
K04410,1,16,0,16,281,0
K04411,1,14,0,14,111,0
K04419,1,14,0,14,4789,0
K04421,2,17,0,17,549,0
K04424,1,17,0,17,665,0
K04426,1,17,0,17,4,0
K04427,1,14,0,14,8,0
K04428,1,17,0,17,116,0
K04430,1,17,0,17,2991,0
K04431,1,18,0,18,81,0
K04435,2,18,0,18,236,0
K04441,1,17,0,17,4420,0
K04442,1,14,0,14,89,0
K04443,1,17,0,17,266,0
K04444,1,17,0,17,254,0
K04446,1,18,0,18,18,0
K04447,1,17,0,17,691,0
K04450,1,17,0,17,7,0
K04451,1,17,0,17,171,0
K04452,1,14,0,14,96,0
K04456,1,14,0,14,167,0
K04457,1,17,0,17,19,0
K04460,1,17,0,17,5,0
K04462,1,17,1,18,91,0
K04463,1,14,0,14,33,0
K04464,1,17,0,17,345,0
K04466,1,14,0,14,8,0
K04467,1,14,0,14,422,0
K04473,1,17,0,17,110,0
K04474,1,13,0,13,70,0
K04477,2,17,0,17,446,0
K04478,1,17,0,17,236,0
K04480,1,17,0,17,25,0
K04482,1,18,0,18,297,0
K04484,1,17,0,17,657,0
K04487,1,17,0,17,433,0
K04491,1,17,0,17,13,0
K04495,1,14,0,14,209,0
K04496,1,13,0,13,11,0
K04497,1,17,0,17,221,0
K04498,1,14,0,14,72,0
K04499,1,14,0,14,239,0
K04500,3,14,0,14,254,0
K04503,1,13,0,13,196,0
K04504,2,18,0,18,584,0
K04505,1,17,0,17,83,0
K04506,1,17,0,17,269,0
K04508,1,14,0,14,497,0
K04509,1,17,0,17,125,0
K04510,1,17,0,17,291,0
K04513,1,17,0,17,385,0
K04519,1,17,0,17,10,0
K04520,1,17,0,17,161,0
K04523,1,17,0,17,265,0
K04524,3,17,0,17,974,0
K04526,2,14,0,14,145,0
K04528,1,18,0,18,192,0
K04530,1,17,0,17,119,0
K04535,1,17,0,17,261,0
K04541,2,13,0,13,202,0
K04545,1,14,0,14,1465,0
K04546,1,18,0,18,2157,0
K04548,1,17,0,17,24,0
K04549,1,14,0,14,607,0
K04550,1,17,0,17,10,0
K04551,1,17,0,17,102,0
K04554,1,17,0,17,187,0
K04555,1,17,0,17,4,0
K04557,1,17,0,17,262,0
K04558,1,13,0,13,130,0
K04561,1,1,0,1,58,0
K04563,1,14,0,14,22,0
K04566,1,14,0,14,315,0
K04567,2,17,0,17,425,0
K04568,1,18,0,18,33,0
K04570,1,17,0,17,43,0
K04571,1,17,0,17,31,0
K04575,1,18,0,18,7,0
K04577,2,14,0,14,415,0
K04580,1,18,0,18,253,0
K04581,1,18,0,18,266,0
K04582,1,18,0,18,378,0
K04583,1,17,0,17,4,0
K04585,1,17,0,17,223,0
K04586,1,17,0,17,20,0
K04587,1,13,0,13,181,0
K04588,1,18,0,18,212,0
K04590,1,16,0,16,149,0
K04591,1,17,0,17,835,0
K04595,1,17,0,17,2531,0
K04597,1,14,0,14,258,0
K04601,1,14,0,14,156,0
K04602,1,17,0,17,528,0
K04603,1,17,0,17,94,0
K04605,1,18,0,18,205,0
K04613,1,14,0,14,634,0
K04614,1,17,0,17,234,0
K04617,1,17,0,17,54,0
K04622,2,14,0,14,282,0
K04625,1,14,0,14,509,0
K04626,1,17,0,17,16,0
K04627,1,17,0,17,201,0
K04630,1,17,0,17,33,0
K04632,1,14,0,14,31,0
K04633,1,17,0,17,129,0
K04634,1,17,0,17,375,0
K04636,1,14,0,14,10,0
K04637,1,17,1,18,953,0
K04640,1,17,0,17,247,0
K04643,1,17,0,17,270,0
K04644,1,17,0,17,438,0
K04647,2,17,0,17,164,0
K04649,1,14,0,14,367,0
K04651,1,17,0,17,1267,0
K04653,1,15,0,15,66,0
K04655,1,17,0,17,86,0
K04656,1,17,0,17,395,0
K04657,2,18,0,18,364,0
K04659,1,17,0,17,36,0
K04661,1,17,0,17,175,0
K04663,1,18,0,18,282,0
K04666,1,14,0,14,100,0
K04667,1,14,0,14,8,0
K04670,1,3,0,3,39,0
K04674,1,18,0,18,330,0
K04676,1,17,0,17,48,0
K04680,1,17,0,17,27,0
K04685,1,14,0,14,2517,0
K04686,1,18,0,18,135,0
K04691,1,17,0,17,446,0
K04692,1,17,0,17,196,0
K04693,1,18,0,18,67,0
K04694,1,17,0,17,78,0
K04698,1,17,0,17,177,0
K04699,1,8,0,8,231,0
K04700,2,14,0,14,342,0
K04705,1,14,0,14,844,0
K04706,1,14,0,14,12,0
K04709,1,17,0,17,407,0
K04710,1,17,0,17,159,0
K04711,1,17,0,17,346,0
K04713,1,13,0,13,131,0
K04714,1,17,0,17,737,0
K04715,1,12,0,12,20,0
K04716,2,15,0,15,334,0
K04717,1,13,0,13,5,0
K04725,1,17,0,17,207,0
K04733,1,14,0,14,170,0
K04735,1,14,0,14,432,0
K04737,1,17,0,17,193,0
K04742,1,17,0,17,13,0
K04745,1,17,0,17,8,0
K04747,1,17,0,17,16,0
K04748,1,16,0,16,213,0
K04749,1,17,0,17,764,0
K04750,1,14,0,14,33,0
K04754,1,14,0,14,175,0
K04755,1,17,0,17,403,0
K04756,1,17,0,17,278,0
K04759,1,17,0,17,85,0
K04762,1,13,0,13,99,0
K04763,1,17,0,17,26,0
K04764,1,16,0,16,45,0
K04765,1,14,0,14,115,0
K04766,1,17,0,17,271,0
K04768,1,14,0,14,362,0
K04771,1,17,0,17,10,0
K04772,2,14,0,14,505,0
K04773,2,18,0,18,323,0
K04774,1,13,0,13,22,0
K04775,1,10,0,10,54,0
K04776,1,17,0,17,199,0
K04777,1,17,0,17,1833,0
K04780,1,17,0,17,228,0
K04782,2,14,0,14,456,0
K04790,1,17,0,17,248,0
K04792,1,17,0,17,262,0
K04793,1,17,0,17,286,0
K04794,1,17,0,17,61,0
K04797,1,14,0,14,124,0
K04799,1,17,0,17,125,0
K04801,1,11,0,11,11,0
K04803,1,14,0,14,285,0
K04804,1,14,0,14,59,0
K04808,1,13,0,13,481,0
K04810,1,14,0,14,10,0
K04811,1,8,0,8,32,0
K04813,1,14,0,14,134,0
K04815,1,17,0,17,82,0
K04818,1,18,0,18,421,0
K04820,1,14,0,14,84,0
K04822,1,18,0,18,455,0
K04823,1,18,0,18,322,0
K04826,1,14,0,14,1090,0
K04827,1,17,0,17,48,0
K04829,1,1,0,1,11,0
K04833,1,9,0,9,185,0
K04834,1,18,0,18,427,0
K04837,1,17,0,17,280,0
K04838,3,17,0,17,413,0
K04839,1,18,0,18,73,0
K04840,1,17,0,17,144,0
K04844,1,17,0,17,3530,0
K04846,2,17,0,17,124,0
K04848,1,17,0,17,3,0
K04849,1,17,0,17,472,0
K04850,1,17,0,17,496,0
K04852,1,14,0,14,655,0
K04853,1,14,0,14,70,0
K04854,1,17,0,17,573,0
K04856,1,11,0,11,6,0
K04857,1,14,0,14,302,0
K04859,1,17,0,17,201,0
K04861,1,12,0,12,36,0
K04862,1,17,0,17,1672,0
K04864,1,18,0,18,282,0
K04871,2,18,0,18,680,0
K04875,1,17,0,17,1656,0
K04877,1,17,0,17,291,0
K04878,1,15,0,15,2,0
K04881,1,18,0,18,281,0
K04885,1,17,0,17,161,0
K04886,1,14,0,14,69,0
K04890,1,14,0,14,19,0
K04891,1,13,0,13,244,0
K04892,1,14,0,14,58,0
K04893,1,17,0,17,229,0
K04895,2,17,0,17,152,0
K04896,2,17,0,17,107,0
K04898,1,17,0,17,3,0
K04900,1,13,0,13,173,0
K04902,1,17,0,17,3,0
K04904,1,17,0,17,420,0
K04906,1,11,0,11,201,0
K04907,1,17,0,17,373,0
K04912,1,17,0,17,1723,0
K04913,2,13,0,13,298,0
K04914,1,17,0,17,276,0
K04921,1,15,0,15,13,0
K04923,1,17,0,17,39,0
K04926,1,16,0,16,20,0
K04928,1,4,0,4,108,0
K04931,1,17,0,17,2,0
K04938,1,17,0,17,27,0
K04940,1,17,0,17,17,0
K04957,1,17,0,17,302,0
K04958,1,18,0,18,2,0
K04961,1,14,0,14,3,0
K04963,1,18,0,18,26,0
K04967,1,16,0,16,32,0
K04972,1,17,0,17,57,0
K04975,1,13,0,13,24,0
K04976,1,14,0,14,1,0
K04977,1,17,0,17,59,0
K04978,1,14,0,14,3,0
K04986,1,17,0,17,3,0
K04991,1,14,0,14,5,0
K04992,1,14,0,14,98,0
K04999,1,17,0,17,22,0
K05003,1,11,0,11,8,0
K05004,1,17,0,17,14,0
K05007,2,14,0,14,100,0
K05021,1,14,0,14,4,0
K05027,1,18,0,18,25,0
K05030,1,14,0,14,3,0
K05033,1,14,0,14,9,0
K05037,1,0,0,0,0,1
K05040,1,17,0,17,51,0
K05046,1,15,0,15,32,0
K05048,1,9,0,9,5,0
K05057,1,18,0,18,3,0
K05067,1,14,0,14,5,0
K05068,1,15,0,15,3,0
K05071,1,11,0,11,5,0
K05079,1,18,0,18,28,0
K05083,1,14,0,14,17,0
K05084,1,11,0,11,3,0
K05085,1,14,0,14,3,0
K05087,1,18,0,18,2,0
K05088,1,12,0,12,21,0
K05092,1,17,0,17,5,0
K05098,1,17,0,17,15,0
K05099,1,18,0,18,14,0
K05101,1,18,0,18,3,0
K05104,1,17,0,17,71,0
K05107,1,12,0,12,6,0
K05110,1,18,0,18,15,0
K05117,1,13,0,13,34,0
K05119,1,18,0,18,11,0
K05124,1,17,0,17,5,0
K05126,1,14,0,14,2,0
K05130,1,13,0,13,3,0
K05135,1,17,0,17,4,0
K05142,1,12,0,12,5,0
K05149,1,13,0,13,26,0
K05155,1,14,0,14,5,0
K05156,1,17,0,17,899,0
K05162,1,13,0,13,1,0
K05164,1,18,0,18,7,0
K05165,1,17,0,17,4,0
K05169,1,17,0,17,70,0
K05174,1,17,1,18,185,0
K05176,1,18,0,18,7,0
K05178,1,17,0,17,365,0
K05188,1,18,0,18,3,0
K05192,1,17,0,17,29,0
K05196,1,18,0,18,4,0
K05202,1,17,0,17,2,0
K05205,1,14,0,14,3,0
K05207,1,14,0,14,65,0
K05211,1,18,0,18,448,0
K05216,1,17,0,17,4,0
K05219,1,17,0,17,54,0
K05222,1,13,0,13,3,0
K05223,1,13,0,13,3,0
K05224,1,13,0,13,6,0
K05226,1,16,0,16,5,0
K05227,1,17,0,17,4,0
K05228,1,17,0,17,2,0
K05229,1,0,0,0,0,1
K05230,1,18,0,18,4,0
K05231,1,14,0,14,15,0
K05236,1,18,0,18,2,0
K05237,1,17,0,17,3,0
K05245,1,13,1,14,528,0
K05247,1,17,0,17,5,0
K05248,1,17,0,17,8,0
K05249,1,8,0,8,36,0
K05254,1,13,1,14,15,0
K05262,1,18,0,18,3,0
K05267,1,2,0,2,34,0
K05268,1,17,0,17,3,0
K05269,1,17,0,17,4,0
K05274,1,18,0,18,28,0
K05275,1,2,0,2,47,0
K05276,1,14,0,14,5,0
K05278,1,14,0,14,4,0
K05279,1,17,0,17,14,0
K05281,1,14,0,14,4,0
K05283,1,17,0,17,80,0
K05284,1,17,0,17,3,0
K05287,1,14,0,14,311,0
K05288,1,17,0,17,51,0
K05289,1,17,0,17,8,0
K05290,1,17,0,17,3,0
K05291,1,17,0,17,2,0
K05297,1,17,0,17,186,0
K05300,1,18,0,18,8,0
K05308,1,17,0,17,151,0
K05310,1,17,0,17,67,0
K05320,1,0,0,0,0,1
K05321,1,17,0,17,7,0
K05322,1,13,0,13,37,0
K05324,1,17,0,17,5,0
K05327,1,4,0,4,65,0
K05329,1,17,0,17,7,0
K05331,1,17,0,17,47,0
K05332,1,17,0,17,67,0
K05333,1,16,0,16,69,0
K05336,1,18,0,18,6,0
K05337,1,17,0,17,3,0
K05341,1,18,0,18,105,0
K05344,1,17,0,17,3,0
K05358,1,18,0,18,12,0
K05359,1,1,0,1,32,0
K05360,1,17,0,17,27,0
K05365,1,17,0,17,2,0
K05369,1,18,0,18,2,0
K05371,1,14,0,14,37,0
K05372,1,17,0,17,7,0
K05373,1,18,0,18,31,0
K05375,1,17,0,17,5,0
K05379,1,18,0,18,3,0
K05380,1,14,0,14,3,0
K05384,1,2,0,2,22,0
K05385,1,14,0,14,3,0
K05387,1,17,0,17,5,0
K05388,1,17,0,17,10,0
K05390,1,8,0,8,6,0
K05393,1,16,0,16,5,0
K05398,1,17,0,17,2,0
K05406,1,17,1,18,728,0
K05408,1,17,0,17,3,0
K05410,1,17,0,17,62,0
K05411,1,18,0,18,143,0
K05413,1,17,0,17,3,0
K05416,1,4,0,4,4,0
K05418,1,17,0,17,105,0
K05423,1,14,0,14,3,0
K05426,1,17,0,17,12,0
K05433,1,17,0,17,6,0
K05434,1,17,0,17,2,0
K05435,1,14,0,14,77,0
K05440,1,14,0,14,16,0
K05447,1,18,0,18,412,0
K05451,1,18,0,18,3,0
K05454,1,17,0,17,2,0
K05455,1,17,0,17,5,0
K05458,1,17,0,17,26,0
K05459,1,17,1,18,75,0
K05461,1,16,0,16,11,0
K05466,1,16,0,16,347,0
K05472,1,18,0,18,16,0
K05473,1,17,0,17,2,0
K05475,2,18,0,18,288,0
K05476,1,17,0,17,10,0
K05479,1,1,0,1,4,0
K05480,1,3,0,3,4,0
K05485,1,3,0,3,28,0
K05486,1,18,0,18,385,0
K05487,1,16,0,16,29,0
K05497,1,17,1,18,44,0
K05499,1,8,0,8,5,0
K05502,1,0,0,0,0,1
K05506,1,17,0,17,2,0
K05512,1,3,0,3,31,0
K05515,1,17,0,17,241,0
K05518,1,17,0,17,2,0
K05532,1,17,0,17,61,0
K05536,1,17,0,17,3,0
K05539,1,17,0,17,4,0
K05541,1,17,0,17,4,0
K05545,1,18,0,18,2,0
K05546,1,17,0,17,2,0
K05547,1,17,0,17,2,0
K05550,1,17,0,17,2,0
K05552,1,18,0,18,5,0
K05553,1,14,0,14,10,0
K05554,1,17,1,18,10,0
K05556,1,18,0,18,2,0
K05563,1,0,0,0,0,1
K05566,1,2,0,2,179,0
K05568,1,8,0,8,11,0
K05570,1,17,0,17,2,0
K05574,1,17,0,17,4,0
K05578,1,17,1,18,10,0
K05581,1,17,0,17,4,0
K05585,1,11,0,11,8,0
K05588,1,17,0,17,2,0
K05591,1,18,0,18,5,0
K05592,1,17,0,17,3,0
K05597,1,17,0,17,194,0
K05600,1,17,0,17,88,0
K05602,1,17,0,17,3,0
K05603,1,18,0,18,4,0
K05604,1,18,0,18,3,0
K05605,1,1,0,1,9,0
K05609,1,18,0,18,2,0
K05612,1,17,0,17,4,0
K05613,1,16,0,16,4,0
K05616,1,17,0,17,3,0
K05622,1,17,0,17,3,0
K05625,1,5,0,5,3,0
K05626,1,17,0,17,3,0
K05628,1,17,0,17,60,0
K05629,1,17,0,17,7,0
K05632,1,17,1,18,15,0
K05633,1,17,1,18,26,0
K05635,1,17,1,18,36,0
K05638,1,17,0,17,5,0
K05639,1,17,0,17,5,0
K05640,1,18,0,18,4,0
K05642,1,18,0,18,7,0
K05649,1,17,0,17,3,0
K05651,1,14,0,14,14,0
K05652,1,17,0,17,16,0
K05653,1,16,0,16,7,0
K05654,1,16,0,16,26,0
K05657,1,17,0,17,5,0
K05660,1,15,0,15,3,0
K05663,1,18,0,18,11,0
K05671,1,15,0,15,6,0
K05677,1,17,0,17,73,0
K05680,1,18,0,18,2,0
K05682,1,2,0,2,3,0
K05684,1,18,0,18,7,0
K05685,1,6,0,6,38,0
K05688,1,10,0,10,61,0
K05692,1,17,0,17,571,0
K05698,1,17,0,17,5,0
K05704,1,5,0,5,4,0
K05706,1,17,0,17,3,0
K05715,1,17,0,17,7,0
K05718,1,6,0,6,2,0
K05719,1,2,0,2,6,0
K05727,1,16,2,18,101,0
K05732,1,14,0,14,31,0
K05736,1,17,0,17,9,0
K05740,1,17,0,17,69,0
K05741,1,17,0,17,4,0
K05745,1,14,0,14,109,0
K05747,1,13,0,13,2,0
K05748,1,17,0,17,50,0
K05749,1,17,0,17,5,0
K05755,1,17,0,17,3,0
K05758,1,14,0,14,12,0
K05761,1,18,0,18,260,0
K05762,1,14,0,14,98,0
K05764,1,14,0,14,4,0
K05769,1,17,0,17,199,0
K05775,1,17,0,17,3,0
K05776,1,18,0,18,8,0
K05782,1,5,13,18,43,0
K05787,1,17,0,17,21,0
K05789,1,17,0,17,3,0
K05790,1,17,0,17,8,0
K05796,1,17,0,17,3,0
K05799,1,18,0,18,8,0
K05800,1,17,0,17,137,0
K05801,1,17,0,17,8,0
K05805,1,14,0,14,2,0
K05806,1,15,0,15,4,0
K05815,1,14,0,14,5,0
K05816,1,18,0,18,19,0
K05817,1,18,0,18,14,0
K05819,1,17,0,17,3,0
K05822,1,15,0,15,75,0
K05827,1,18,0,18,261,0
K05830,1,14,0,14,17,0
K05831,1,3,0,3,25,0
K05833,1,15,0,15,3,0
K05834,1,11,0,11,26,0
K05839,1,15,0,15,7,0
K05842,1,14,0,14,21,0
K05845,1,15,0,15,59,0
K05846,1,17,0,17,7,0
K05847,1,18,0,18,5,0
K05848,1,17,0,17,4,0
K05849,1,14,0,14,57,0
K05850,1,14,0,14,4,0
K05851,1,14,0,14,3,0
K05854,1,17,0,17,6,0
K05855,1,7,0,7,2,0
K05856,1,17,0,17,5,0
K05863,1,17,0,17,174,0
K05866,1,16,0,16,13,0
K05867,1,14,0,14,3,0
K05868,1,14,0,14,54,0
K05869,1,13,0,13,10,0
K05871,1,17,0,17,2,0
K05873,1,18,0,18,7,0
K05874,1,14,0,14,4,0
K05875,2,2,0,2,58,0
K05879,1,0,0,0,0,1
K05881,1,17,1,18,28,0
K05883,1,18,0,18,8,0
K05886,1,15,0,15,4,0
K05889,1,14,0,14,3,0
K05891,1,12,0,12,2,0
K05895,1,17,0,17,127,0
K05896,1,17,0,17,3,0
K05897,1,14,0,14,3,0
K05899,1,14,0,14,21,0
K05900,1,17,0,17,4,0
K05901,1,18,0,18,25,0
K05907,1,0,0,0,0,1
K05909,1,14,0,14,175,0
K05915,1,14,0,14,33,0
K05917,1,14,0,14,29,0
K05919,1,14,0,14,4,0
K05923,1,18,0,18,4,0
K05924,1,17,0,17,5,0
K05929,1,17,0,17,3,0
K05930,1,0,0,0,0,1
K05932,1,14,0,14,3,0
K05933,1,17,0,17,6,0
K05937,1,18,0,18,4,0
K05938,1,18,0,18,2,0
K05940,1,11,0,11,39,0
K05942,1,16,0,16,11,0
K05943,1,17,0,17,55,0
K05945,1,18,0,18,39,0
K05949,1,18,0,18,2,0
K05950,1,17,0,17,13,0
K05952,1,17,0,17,9,0
K05953,1,14,0,14,3,0
K05960,1,17,0,17,46,0
K05961,1,17,0,17,78,0
K05964,1,18,0,18,49,0
K05965,1,17,0,17,34,0
K05967,1,0,0,0,0,1
K05968,1,18,0,18,16,0
K05971,1,17,0,17,3,0
K05972,1,17,0,17,3,0
K05973,1,0,0,0,0,1
K05974,1,18,0,18,335,0
K05987,1,17,1,18,788,0
K06068,1,14,1,15,633,0
K06085,1,16,1,17,692,0
K06093,2,18,0,18,135,0
K06097,4,18,0,18,52,0
K06100,1,18,0,18,13,0
K06102,1,17,1,18,75,0
K06103,2,18,0,18,16,0
K06118,2,18,0,18,345,0
K06120,2,17,0,17,23,0
K06130,1,13,0,13,748,0
K06132,3,2,0,2,42,0
K06137,1,17,0,17,120,0
K06142,3,17,0,17,51,0
K06145,3,2,0,2,38,0
K06151,1,17,0,17,3,0
K06164,1,17,0,17,51,0
K06166,2,1,0,1,20,0
K06168,2,17,0,17,31,0
K06173,1,17,0,17,7,0
K06176,2,17,1,18,83,0
K06178,2,17,0,17,159,0
K06179,1,14,0,14,76,0
K06180,2,18,0,18,83,0
K06182,2,17,0,17,130,0
K06186,1,17,0,17,282,0
K06188,1,17,0,17,918,0
K06191,2,17,0,17,273,0
K06194,1,18,0,18,37,0
K06195,1,17,0,17,1046,0
K06209,2,6,0,6,109,0
K06214,1,14,0,14,8,0
K06216,2,18,0,18,94,0
K06217,1,17,0,17,196,0
K06224,1,15,0,15,14,0
K06228,1,14,0,14,59,0
K06233,1,14,0,14,76,0
K06237,1,18,0,18,33,0
K06239,2,17,0,17,6,0
K06242,3,18,0,18,47,0
K06245,2,18,0,18,25,0
K06246,1,15,0,15,145,0
K06256,1,16,0,16,100,0
K06259,2,17,0,17,526,0
K06262,1,17,0,17,2244,0
K06263,1,18,0,18,185,0
K06267,1,17,0,17,108,0
K06274,1,17,0,17,83,0
K06276,1,17,0,17,487,0
K06291,1,18,0,18,181,0
K06293,1,17,0,17,256,0
K06299,1,17,0,17,1594,0
K06301,1,14,0,14,24,0
K06318,1,14,0,14,210,0
K06320,1,17,0,17,66,0
K06329,1,17,0,17,121,0
K06331,1,11,0,11,167,0
K06342,1,17,0,17,184,0
K06343,1,17,0,17,2,0
K06352,1,11,0,11,191,0
K06353,1,17,0,17,150,0
K06355,2,17,0,17,569,0
K06358,1,14,0,14,402,0
K06368,1,16,0,16,150,0
K06375,1,14,0,14,427,0
K06384,1,11,0,11,1,0
K06399,1,14,0,14,183,0
K06401,1,14,0,14,634,0
K06409,1,15,0,15,66,0
K06425,1,14,0,14,2,0
K06447,1,15,0,15,14,0
K06450,1,14,0,14,2066,0
K06464,1,15,2,17,8,0
K06475,1,13,1,14,786,0
K06484,1,14,0,14,77,0
K06511,1,17,0,17,55,0
K06513,1,17,0,17,268,0
K06516,2,14,0,14,154,0
K06526,1,14,0,14,2,0
K06532,1,16,0,16,1747,0
K06538,1,14,0,14,9,0
K06546,1,17,0,17,445,0
K06557,1,17,0,17,227,0
K06568,1,17,0,17,240,0
K06570,1,18,0,18,98,0
K06579,1,11,0,11,368,0
K06582,1,17,0,17,621,0
K06600,1,17,1,18,1543,0
K06601,1,13,0,13,64,0
K06605,1,17,1,18,54,0
K06617,1,17,0,17,188,0
K06631,1,14,0,14,485,0
K06635,1,17,0,17,2865,0
K06641,1,14,0,14,888,0
K06646,1,13,0,13,161,0
K06657,1,17,0,17,942,0
K06664,1,17,0,17,102,0
K06666,1,17,0,17,1351,0
K06672,1,13,0,13,505,0
K06676,1,17,0,17,3,0
K06680,1,13,0,13,209,0
K06687,1,17,0,17,1507,0
K06689,1,13,0,13,342,0
K06705,1,12,0,12,1071,0
K06707,1,17,0,17,34,0
K06731,1,17,0,17,392,0
K06733,1,13,0,13,896,0
K06739,1,17,0,17,78,0
K06745,1,17,0,17,3,0
K06750,1,17,0,17,289,0
K06751,1,3,0,3,10,0
K06752,1,13,0,13,129,0
K06762,1,17,0,17,100,0
K06763,1,18,0,18,653,0
K06765,1,17,0,17,115,0
K06774,1,11,0,11,56,0
K06776,1,17,0,17,52,0
K06777,1,17,0,17,112,0
K06783,1,17,0,17,127,0
K06786,1,14,0,14,2,0
K06793,1,17,0,17,416,0
K06798,1,17,0,17,571,0
K06819,1,17,1,18,1292,0
K06849,1,17,0,17,120,0
K06860,1,17,0,17,2620,0
K06863,1,17,0,17,336,0
K06872,1,17,0,17,111,0
K06878,1,17,0,17,628,0
K06882,1,2,0,2,229,0
K06889,1,17,1,18,54,0
K06890,1,17,0,17,699,0
K06892,1,17,0,17,85,0
K06907,1,14,0,14,270,0
K06913,1,16,1,17,2332,0
K06918,1,17,0,17,1674,0
K06919,1,17,0,17,171,0
K06921,1,17,0,17,219,0
K06925,1,17,0,17,116,0
K06931,1,16,0,16,559,0
K06934,1,17,0,17,67,0
K06949,1,18,0,18,680,0
K06954,1,18,0,18,241,0
K06957,1,17,0,17,1020,0
K06960,1,8,0,8,145,0
K06966,1,17,0,17,178,0
K06970,1,17,0,17,37,0
K06971,1,17,0,17,11,0
K06978,1,18,0,18,520,0
K06980,1,17,0,17,240,0
K06983,1,17,0,17,196,0
K06985,1,17,0,17,138,0
K06993,1,17,0,17,109,0
K06994,1,18,0,18,375,0
K07002,1,17,0,17,312,0
K07003,1,17,0,17,626,0
K07007,1,17,0,17,1888,0
K07016,1,18,0,18,4,0
K07023,1,9,0,9,294,0
K07032,1,18,0,18,439,0
K07040,1,17,0,17,3,0
K07041,1,17,0,17,180,0
K07061,1,18,0,18,1166,0
K07069,1,2,0,2,175,0
K07072,1,17,0,17,98,0
K07073,1,18,0,18,5,0
K07076,1,17,0,17,93,0
K07088,1,17,0,17,562,0
K07093,1,17,0,17,15,0
K07099,1,17,0,17,44,0
K07106,1,17,0,17,301,0
K07116,1,17,0,17,598,0
K07117,2,17,0,17,248,0
K07125,1,17,0,17,190,0
K07133,1,17,0,17,18,0
K07136,1,16,0,16,3,0
K07144,1,16,0,16,1693,0
K07148,1,2,0,2,100,0
K07157,1,17,0,17,63,0
K07162,1,18,0,18,310,0
K07169,1,17,0,17,143,0
K07174,1,17,0,17,953,0
K07179,1,15,0,15,3,0
K07180,1,17,0,17,3,0
K07182,1,4,0,4,51,0
K07195,1,17,0,17,256,0
K07197,1,5,0,5,255,0
K07205,1,1,0,1,37,0
K07208,1,17,0,17,422,0
K07209,1,17,0,17,183,0
K07215,1,17,0,17,386,0
K07220,1,17,0,17,1429,0
K07223,1,17,0,17,4,0
K07224,1,14,0,14,92,0
K07231,1,15,0,15,280,0
K07232,1,9,0,9,406,0
K07235,1,17,0,17,5,0
K07236,1,17,0,17,104,0
K07252,1,14,0,14,121,0
K07258,1,17,0,17,619,0
K07259,1,17,0,17,2094,0
K07264,1,17,0,17,78,0
K07270,1,17,0,17,78,0
K07272,1,17,0,17,107,0
K07279,1,17,0,17,128,0
K07281,1,9,0,9,324,0
K07282,1,17,0,17,859,0
K07283,1,14,0,14,9,0
K07291,1,15,0,15,51,0
K07301,1,17,0,17,72,0
K07305,1,14,1,15,1047,0
K07319,1,17,0,17,88,0
K07320,1,17,0,17,177,0
K07327,1,16,0,16,79,0
K07330,1,18,0,18,8,0
K07339,1,14,0,14,116,0
K07345,1,14,0,14,3,0
K07354,1,18,0,18,36,0
K07359,1,16,0,16,335,0
K07360,1,18,0,18,390,0
K07361,1,3,0,3,287,0
K07370,1,14,0,14,277,0
K07375,1,14,0,14,256,0
K07376,1,14,0,14,969,0
K07378,2,4,0,4,46,0
K07383,1,17,0,17,30,0
K07389,1,15,0,15,48,0
K07400,1,14,0,14,299,0
K07404,1,17,0,17,831,0
K07408,1,17,0,17,292,0
K07415,1,15,0,15,1032,0
K07416,1,18,0,18,42,0
K07426,1,17,0,17,217,0
K07427,1,17,0,17,191,0
K07430,1,9,0,9,605,0
K07432,1,14,0,14,94,0
K07434,1,14,0,14,218,0
K07435,1,14,0,14,909,0
K07437,1,17,0,17,755,0
K07445,1,17,0,17,217,0
K07449,1,14,0,14,940,0
K07460,1,14,0,14,218,0
K07467,1,15,0,15,185,0
K07470,1,17,0,17,3,0
K07471,1,16,0,16,268,0
K07479,1,18,0,18,222,0
K07489,1,14,0,14,2199,0
K07506,1,9,0,9,67,0
K07510,1,17,0,17,269,0
K07520,1,17,0,17,480,0
K07534,1,17,0,17,64,0
K07539,1,17,0,17,98,0
K07540,1,17,0,17,68,0
K07554,1,17,0,17,3,0
K07559,1,18,0,18,2256,0
K07567,1,17,0,17,2,0
K07572,1,18,0,18,17,0
K07587,1,18,0,18,4,0
K07589,1,17,0,17,3,0
K07591,1,9,0,9,2,0
K07592,1,18,0,18,4,0
K07617,1,17,0,17,116,0
K07621,1,0,0,0,0,1
K07624,1,18,0,18,4,0
K07628,1,17,0,17,833,0
K07630,1,17,0,17,92,0
K07634,1,0,0,0,0,1
K07635,1,17,0,17,24,0
K07636,1,17,0,17,2150,0
K07638,1,18,0,18,63,0
K07641,1,0,0,0,0,1
K07644,1,17,0,17,444,0
K07645,1,15,0,15,663,0
K07648,1,17,0,17,1276,0
K07662,1,15,0,15,282,0
K07668,1,13,0,13,460,0
K07670,1,14,0,14,146,0
K07676,1,17,0,17,281,0
K07678,1,18,0,18,122,0
K07679,1,17,0,17,808,0
K07680,1,15,0,15,6,0
K07681,1,14,0,14,205,0
K07685,2,18,0,18,71,0
K07687,1,18,0,18,68,0
K07693,1,11,0,11,152,0
K07700,1,14,0,14,1,0
K07703,1,17,0,17,3,0
K07704,1,14,0,14,228,0
K07708,1,14,0,14,185,0
K07711,1,14,0,14,4,0
K07712,1,18,0,18,331,0
K07715,1,17,0,17,58,0
K07716,1,17,0,17,3,0
K07735,1,14,0,14,3,0
K07744,1,14,0,14,106,0
K07746,1,14,0,14,3,0
K07749,1,14,0,14,9,0
K07750,1,18,0,18,3,0
K07759,1,17,0,17,242,0
K07762,1,10,0,10,104,0
K07764,1,17,0,17,6,0
K07773,1,17,0,17,561,0
K07774,1,17,0,17,238,0
K07776,1,17,0,17,2,0
K07785,1,0,0,0,0,1
K07791,1,5,0,5,4,0
K07793,1,17,0,17,757,0
K07795,1,17,0,17,277,0
K07796,1,0,0,0,0,1
K07798,1,17,0,17,4,0
K07818,1,0,0,0,0,1
K07833,1,17,0,17,8,0
K07834,1,17,0,17,204,0
K07835,1,17,0,17,401,0
K07842,1,17,0,17,485,0
K07843,1,16,0,16,2297,0
K07846,1,17,0,17,142,0
K07847,1,0,0,0,0,1
K07849,1,17,0,17,300,0
K07850,1,14,0,14,18,0
K07859,1,14,0,14,4057,0
K07863,1,17,0,17,288,0
K07865,1,2,0,2,343,0
K07870,1,17,0,17,16,0
K07873,1,18,0,18,828,0
K07875,1,16,0,16,64,0
K07878,1,0,0,0,0,1
K07879,1,0,0,0,0,1
K07880,1,17,0,17,2,0
K07882,1,17,0,17,23,0
K07884,1,3,0,3,375,0
K07889,1,15,0,15,10,0
K07892,1,2,0,2,16,0
K07894,1,17,0,17,4,0
K07903,1,17,0,17,2175,0
K07905,1,18,0,18,214,0
K07913,1,0,0,0,0,1
K07915,1,17,0,17,3,0
K07920,1,0,0,0,0,1
K07923,1,18,0,18,4,0
K07924,1,17,0,17,1960,0
K07925,1,17,0,17,326,0
K07930,1,17,0,17,4,0
K07931,1,17,0,17,6,0
K07932,1,18,0,18,3,0
K07934,1,17,0,17,66,0
K07938,1,18,0,18,5,0
K07940,1,0,0,0,0,1
K07949,1,14,0,14,1242,0
K07951,1,17,0,17,1752,0
K07953,1,17,0,17,3,0
K07954,1,17,0,17,4,0
K07970,1,17,0,17,761,0
K07976,1,14,0,14,213,0
K07978,1,17,0,17,207,0
K07982,1,16,0,16,3,0
K07986,1,17,0,17,868,0
K07988,1,0,0,0,0,1
K07990,1,14,0,14,14,0
K07991,1,18,0,18,133,0
K07992,1,17,0,17,5,0
K07998,1,0,0,0,0,1
K08000,1,17,0,17,6,0
K08026,1,17,0,17,194,0
K08031,1,17,0,17,5,0
K08033,1,17,0,17,4,0
K08035,1,17,0,17,51,0
K08039,1,17,0,17,34,0
K08043,1,17,0,17,140,0
K08046,1,9,0,9,2,0
K08047,1,17,0,17,4,0
K08048,1,17,0,17,3,0
K08050,1,18,0,18,5,0
K08052,1,18,0,18,203,0
K08053,1,14,0,14,125,0
K08054,1,15,0,15,30,0
K08055,1,17,0,17,342,0
K08063,1,17,0,17,3,0
K08068,1,14,0,14,131,0
K08076,1,17,0,17,21,0
K08077,1,0,0,0,0,1
K08078,1,17,0,17,1874,0
K08082,1,18,0,18,193,0
K08085,1,17,0,17,3,0
K08089,1,13,0,13,8,0
K08107,1,15,0,15,2,0
K08109,1,0,0,0,0,1
K08111,1,0,0,0,0,1
K08117,1,0,0,0,0,1
K08156,1,17,0,17,4,0
K08159,1,17,0,17,4,0
K08163,1,17,0,17,4,0
K08174,1,18,0,18,5,0
K08183,1,17,0,17,256,0
K08193,1,14,0,14,3,0
K08201,1,17,0,17,3,0
K08205,1,15,0,15,5,0
K08211,1,17,0,17,299,0
K08217,1,0,0,0,0,1
K08221,1,0,0,0,0,1
K08223,1,13,0,13,17,0
K08232,1,17,0,17,7,0
K08238,1,14,0,14,2,0
K08241,1,17,0,17,3,0
K08246,1,17,0,17,3,0
K08249,1,15,0,15,4,0
K08257,1,14,0,14,131,0
K08259,1,17,0,17,3,0
K08263,1,17,0,17,5,0
K08270,1,17,0,17,4,0
K08275,1,14,0,14,3,0
K08276,1,17,0,17,3,0
K08277,1,0,0,0,0,1
K08279,1,14,0,14,3,0
K08280,1,2,0,2,2,0
K08297,1,17,1,18,15,0
